Workbook
Name bbiomaxmoyen: Calcul_bbio!$E$4
Name categorie: Input_resultats!$E$22
Name cepmaxmoyen: Calcul_energie!$F$4
Name cepnrmaxmoyen: Calcul_energie!$E$4
Name classe_inertie: Input_resultats!$E$29
Name climatisé: Input_resultats!$E$23
Name decret2026: Input_resultats!$G$28
Name depotpc: Input_resultats!$E$15
Name depotPC_année: Enumération!$P$9
Name elevation: Input_resultats!$E$9
Name Enseignement_primaire_ou_secondaire: Enumération!$F$4:$F$5
Name est_igh: Input_resultats!$E$25
Name Etablissements_de_santé: Enumération!$I$4:$I$5
Name expobruit: Input_resultats!$E$14
Name Hôtels: Enumération!$G$4:$G$7
Name HSPmoy: Input_resultats!$E$27
Name icconstructionmaxmoyen: Calcul_matiere!$E$3
Name icded: Input_resultats!$E$19
Name icenergie: Calcul_energie!$L$4
Name iclot1: Input_resultats!$E$16
Name iclot13: Input_resultats!$E$18
Name iclot2: Input_resultats!$E$17
Name ID_usage: Enumération!$H$10
Name Industries_ou_artisanats: Enumération!$J$4:$J$5
Name mbbruit: Calcul_bbio!$E$61
Name mbcombles: Calcul_bbio!$E$46
Name mbgeo: Calcul_bbio!$E$34
Name mbhsp: Calcul_bbio!$E$94
Name mbsurfmoy: Calcul_bbio!$E$48
Name mbsurtot: Calcul_bbio!$E$54
Name mccat: Calcul_energie!$E$99
Name mccombles: Calcul_energie!$E$79
Name mcgeo: Calcul_energie!$E$63
Name mchsp: Calcul_energie!$E$111
Name mcsurfmoy: Calcul_energie!$E$81
Name mcsurftot: Calcul_energie!$E$87
Name miagrément: Calcul_matiere!$E$75
Name miclimrcu: Calcul_matiere!$E$88
Name micombles: Calcul_matiere!$E$37
Name mided: Calcul_matiere!$E$66
Name migeo: Calcul_matiere!$E$25
Name mihsp: Calcul_matiere!$E$81
Name miinfra: Calcul_matiere!$E$52
Name mipv: Calcul_matiere!$E$62
Name misurfmoy: Calcul_matiere!$E$39
Name misurftot: Calcul_matiere!$E$45
Name mivrd: Calcul_matiere!$E$57
Name NL: Input_resultats!$E$12
Name rcu: Input_resultats!$E$20
Name rcu_classe: Input_resultats!$E$21
Name Restaurants: Enumération!$H$4:$H$7
Name Restaurants_scolaires: Enumération!$K$4:$K$5
Name s_existant: 'surélévations et extensions'!$E$8
Name Sagrément: Input_resultats!$E$26
Name scombles: Input_resultats!$E$11
Name seuilded: Calcul_matiere!$F$66
Name smoylgt: Input_resultats!$E$13
Name sref: Input_resultats!$E$10
Name sref_ext: 'surélévations et extensions'!$E$7
Name typo_travaux: 'surélévations et extensions'!$E$5

Sheet Info
B3: 2.2 | K3: avec l'aide du :
C4: Calculatrice des exigences de la RE2020
C6: La RE2020 impose 1 seuil pour chacun des 6 indicateurs.
C7: Mais ces seuils varient en fonction de différentes données comme par exemple la localisation du projet. Un bâtiment dans le sud de la France n'a pas les même contraintes énergétique vu qu'il va moins consommer d'énergie pour se chauffer. Il est donc logique d'adapter les seuils.
C8: Cet outil permet de calculer les seuils des 6 indicateurs
C9: Il est basé sur les textes de loi que l'on peut retrouver par ici
C10: Sinon la page wikipédia donne une partie des informations
C12: version 1.0 - première sortie - février 2025
C13: version 1.01 - rajout d'une mention pour le réseau classé
C14: version 1.02 - erreur dans le Migeo et mi-surfmoy
C15: version 1.03 - micro correction du BBIO pour les bureaux
C16: version 1.1 - ajout du calcul du DH max (+effinergie)
C17: VERSION 2.0 - NOUVEAU USAGES - mars 2026
... C25: 2.1.4 mini bug >=30% et surface dans les surélévations
B26: → | C26: 2.2 - décret 2026-200 appliqué selon la date du PC (nouvelle question ligne 28) ; bornes Mbsurf_moy LC 80/120 m² ; DH_max LC : condition climatisé en H2d/H3 ; dérogation RCU classé pour Icénergie_maxmoyen ; aérogares en catégorie 3 ; messages au lieu des erreurs ; nettoyage des noms cassés
C27: Crédit : Felix Dubois du CSTB pour le passage à la version 2.0 pour les indicateurs carbone et énergie
C29: C'est parti
B30: réalisé par Guillaume Meunier, document non-officiel à utiliser avec toutes les vérifications nécessaires | J30: fichier excel partagé sous licence GNU General Public License (GPL), version 3

Sheet Input_resultats
F1: remplir | G1: le bleu
C2: Les informations nécessaires au calcul
C4: Typologie d'usage → | E4: Logement_collectif | F4: =OR(usage=Enumération!C5,usage=Enumération!C4) -> TRUE
C5: =IF(COUNTIF(Enumération!F3:K3,E4)>0,"typologie précise →","") | E5: partie jour | F5: =IF(ISNUMBER(MATCH(usage,Enumération!F3:K3,0)),IF(ISNUMBER(MATCH(usage_secondaire,INDIRECT(usage),0)),"","Pensez à changer"),"") | I5: =IF(E4=Calcul_bbio!D7,"","ligne uniquement en d'enseignement") -> ligne uniquement en d'enseignement
C6: Département → | D6: nom | E6: Val-d'Oise
C7: (l'un ou l'autre) | D7: n° | E7: - | F7: ="-> "&VLOOKUP(E7,zone[[numéro]:[département]],2,FALSE) -> -> - | I7: attention si vous choisissez un numéro c'est lui qui sera prépondérant dans la zone
C8: Zone climatique | E8: =IF(E7="-",VLOOKUP(E6,zone[[département]:[Valeur]],2,FALSE),VLOOKUP(E7,zone[[numéro]:[Valeur]],3,FALSE)) -> H1a
C9: Elevation → | D9: [m] | E9: <400m | I9: https://www.geoportail.gouv.fr/carte
C10: Surface de référence → | D10: [Sref] | E10: 3800 | F10: =IF(F4,"m² SHAB","m² SU") -> m² SHAB | I10: voir le Guide RE2020 du CEREMA page 48
C11: =IF(usage=Enumération!C4,"Scombles →","") | D11: =IF(usage=Enumération!C4,"[m²]","") | E11: 5 | F11: =IF(usage=Enumération!C4,"m²","") | I11: =IF(usage=Enumération!C4,"Surface de plancher des combles aménagés dont la hauteur sous plafond est inférieure à 1,8 mètres","ligne uniquement en cas de maison") -> ligne uniquement en cas de maison
C12: =IF(F4,"Nombre de logements →","") -> Nombre de logements → | D12: =IF(F4,"[NL]","") -> [NL] | E12: 60 | F12: =IF(F4,"logements","") -> logements | I12: =IF(F4,"Nombre de logements du bâtiment","ligne uniquement en cas de logement") -> Nombre de logements du bâtiment
C13: =IF(F4,"Surface moyenne des logements →","") -> Surface moyenne des logements → | D13: =IF(F4,"[Smoylgt]","") -> [Smoylgt] | E13: =sref/NL -> 63.333333 | F13: =IF(F4,"m² SHAB","") -> m² SHAB | I13: =IF(F4,"surface moyenne des logements du bâtiment ou de la partie de bâtiment, notée Smoylgt, est calculée de la manière suivante : Smoylgt = Sref/ NL","ligne uniquement en cas de logement") -> surface moyenne des logements du bâtiment ou de la partie de bâtiment, notée Smoylgt, est calculée de la manière suivante : Smoylgt = Sref/ NL
C14: Exposition au bruit du bâtiment → | E14: BR1 | I14: dans le chapitre V de https://www.legifrance.gouv.fr/codes/article_lc/LEGIARTI000045292850
C15: Année de dépôt du PC → | E15: 2025 à 2027 | F15: =IF(AND(ID_usage>4,depotPC_année<2024),"PAS LA BONNE DATE","")
C16: Impact lot VRD (1) → | D16: [Iclot1] | E16: 10 | F16: kgCO2e/m²
C17: Impact lot fondation / infra (2) → | D17: [Iclot2] | E17: 30 | F17: kgCO2e/m²
C18: Impact lot photovoltaïque(13) → | D18: [Iclot13] | E18: 0 | F18: kgCO2e/m²
C19: Impact de toutes les DED et forfaits → | D19: [Icded] | E19: 350 | F19: kgCO2e/m² | I19: Pour les bâtiments ou les parties de bâtiments raccordés à un réseau de distribution de chaleur et de froid classé en application de l’article L. 712-1 du code de l’énergie, lorsque la demande de permis de construire correspondante est déposée avant le 31 décembre 2027, le coefficient Icénergie_maxmoyen prend, en fonction de l’usage de la partie de bâtiment, les valeurs définies pour les parties de bâtiments raccordés à un réseau de distribution de chaleur et de froid faisant l'objet d'un permis de construire déposé au cours des années 2022 à 2024.
C20: raccordement à un réseau de chaleur → | E20: NON | F20: =IF(rcu="OUI","Classé ou pas ?","")
C21: Est-ce que ce réseau est classé ? → | E21: OUI | F21: =IF(rcu="OUI","Réseau classé voir à droite","") | G21: =IF(AND(rcu="OUI",rcu_classe="OUI"),TRUE,FALSE) -> FALSE
C22: catégorie de contraintes extérieures → | E22: Catégorie 1 | F22: =IF(categorie="Catégorie 3",IF(OR(ISNUMBER(MATCH(usage,Enumération!Q3:Q11,0)),ISNUMBER(MATCH(usage_detaillé,Enumération!Q3:Q11,0))),"","! pas possible pour cet usage !"),"") | I22: dans le chapitre V partie II de https://www.legifrance.gouv.fr/codes/article_lc/LEGIARTI000045292850
C23: =IF(G21,"climatisé (droit carbone avec RCU) →","climatisé →") -> climatisé → | E23: NON | F23: =IF(AND(categorie="Catégorie 2",climatisé="NON"),"forcément climatisé","") | I23: pour le DH et carbone si RCU classé (pour le DH cela s'applique seulement à des parties de bâtiment)
C25: IGH ? → | E25: NON
C26: Surface cumulée d'agrément → | D26: [m²] | E26: 500 | F26: =IF(Sagrément/sref>0.1,"taux Sref = "&ROUND(Sagrément/sref*100,0)&"%","") -> taux Sref = 13% | I26: la surface cumulée des balcons, des loggias et des terrasses en épannelage du bâtiment ou partie de bâtiment. Les toitures terrasses, terrasses de rez-de-chaussée, de rez-de-jardin, de plain-pied et coursives d’accès extérieur ne sont pas incluses dans cette surface.
C27: Hauteur sous plafond moyenne → | D27: [m] | E27: 2.6 | F27: (fonctionne si >2,5m) | I27: La hauteur sous plafond moyenne, du bâtiment ou de la partie de bâtiment, à usage d’habitation, notée HSPmoy, est la moyenne des hauteurs sous plafond des locaux à usage d’habitation inclus dans la surface de référence pondérée par la surface de référence de ces locaux.
C28: =IF(depotpc="2025 à 2027","PC déposé à partir du 01/07/2026 ? →","") | E28: OUI | F28: =IF(decret2026,"décret 2026-200 appliqué","décret 2026-200 non appliqué") | G28: =OR(depotpc="2028 à 2030",depotpc="à partir de 2031",AND(depotpc="2025 à 2027",E28="OUI")) | I28: Décret n° 2026-200 du 18 mars 2026 (HSP, agrément, Miclim_RCU, IGH) : PC déposés à partir du 1er juillet 2026
C29: classe d'inertie (pour DH effinergie) → | E29: Lourde ou très lourde | I29: (classe d’inertie définit suivant les règles Thbat)
C33: LES SEUILS OBLIGATOIRES
D35: =IF(LEFT(depotpc,1)="à","RE2031","RE"&LEFT(depotpc,4)) -> RE2025
C36: Bioclimatisme : | F36: =Calcul_bbio!E3 -> Bbiomaxmoyen | H36: Mbgéo | J36: Mbcombles | L36: Mbsurf_moy | N36: Mbsurf_tot | P36: Mbbruit | R36: MbHSP
D37: Bbio_max = | E37: =IFERROR(bbiomaxmoyen*(1+mbgeo+mbcombles+mbsurfmoy+mbsurtot+mbbruit+mbhsp),"non applicable") | F37: =bbiomaxmoyen -> 65 | G37: x ( 1 + | H37: =mbgeo -> 0.1 | I37: + | J37: =mbcombles -> 0 | K37: + | L37: =mbsurfmoy -> 0.0051282051 | M37: + | N37: =mbsurtot -> 0 | O37: + | P37: =mbbruit -> 0 | Q37: + | R37: =mbhsp -> 0.026666667 | S37: )
C38: Energie non renouvelable : | F38: Cep,nr_maxmoyen | H38: Mcgéo | J38: Mccombles | L38: Mcsurf_mo | N38: Mcsurf_tot | P38: Mccat | R38: McHSP
D39: Cep,nr_max = | E39: =IFERROR(cepnrmaxmoyen*(1+mcgeo+mccombles+mcsurfmoy+mcsurftot+mccat+mchsp),"non applicable") | F39: =cepnrmaxmoyen -> 70 | G39: x ( 1 + | H39: =mcgeo -> 0.05 | I39: + | J39: =mccombles -> 0 | K39: + | L39: =mcsurfmoy -> -0.011904762 | M39: + | N39: =mcsurftot -> 0 | O39: + | P39: =mccat -> 0 | Q39: + | R39: =mchsp -> 0.01 | S39: )
C40: Consommation d'énergie : | F40: Cep_maxmoyen | H40: Mcgéo | J40: Mccombles | L40: Mcsurf_mo | N40: Mcsurf_tot | P40: Mccat | R40: McHSP
D41: Cep_max = | E41: =IFERROR(cepmaxmoyen*(1+mcgeo+mccombles+mcsurfmoy+mcsurftot+mccat+mchsp),"non applicable") | F41: =cepmaxmoyen -> 85 | G41: x ( 1 + | H41: =mcgeo -> 0.05 | I41: + | J41: =mccombles -> 0 | K41: + | L41: =mcsurfmoy -> -0.011904762 | M41: + | N41: =mcsurftot -> 0 | O41: + | P41: =mccat -> 0 | Q41: + | R41: =mchsp -> 0.01 | S41: )
C42: Impact carbone de l'énergie : | F42: Icénergie_maxmoyen | H42: Mcgéo | J42: Mccombles | L42: Mcsurf_mo | N42: Mcsurf_tot | P42: Mccat | R42: McHSP
D43: Icénergie_max = | E43: =IFERROR(icenergie*(1+mcgeo+mccombles+mcsurfmoy+mcsurftot+mccat+mchsp),"non applicable") | F43: =icenergie -> 260 | G43: x ( 1 + | H43: =mcgeo -> 0.05 | I43: + | J43: =mccombles -> 0 | K43: + | L43: =mcsurfmoy -> -0.011904762 | M43: + | N43: =mcsurftot -> 0 | O43: + | P43: =mccat -> 0 | Q43: + | R43: =mchsp -> 0.01 | S43: )
C44: Impact carbone matière+chantier : | D44: [sur 50 ans] | F44: Icconstruction_maxmoyen | H44: Micombles | J44: Misurf_moy | L44: Misurf_tot | N44: Migeo | P44: Miinfra | R44: Mivrd | T44: Mipv | V44: Mided | X44: Miagrément | Z44: MiHSP | AB44: MiClimRCU
D45: Icconstruction_max = | E45: =IFERROR(icconstructionmaxmoyen*(1+micombles+misurfmoy+misurftot)+migeo+miinfra+mivrd+mipv+mided+miagrément+mihsp+miclimrcu,"non applicable") | F45: =icconstructionmaxmoyen -> 650 | G45: x ( 1 + | H45: =micombles -> 0 | I45: + | J45: =misurfmoy -> 0 | K45: + | L45: =misurftot -> -0.0875 | M45: ) + | N45: =migeo -> 0 | O45: + | P45: =miinfra -> 0 | Q45: + | R45: =mivrd -> 0 | S45: + | T45: =mipv -> 0 | U45: + | V45: =mided -> 0 | W45: + | X45: =miagrément -> 3.4736842 | Y45: + | Z45: =mihsp -> 3.8 | AA45: + | AB45: =miclimrcu -> 0
D46: [sur 50 ans] | V46: ="seuil à "&seuilded -> seuil à 250
C47: Degrés-heures d'inconfort estival pour une partie de bâtiment | F47: Effinergie :
D48: DH_max = | E48: =IFERROR(Calcul_dh!C2,"non applicable") | F48: =Calcul_dh!F2 -> 600

Sheet surélévations et extensions
F1: remplir | G1: le bleu
C2: Les informations nécessaires connaitre la méthode
C4: Typologie d'usage → | E4: Logement_collectif
C5: Typologie de travaux → | E5: surélévation
C7: Surface travaux (cumulés) → | D7: [Sref] | E7: 160 | F7: =IF(OR(E4=Calcul_bbio!D5,E4=Calcul_bbio!D6),"m² SHAB","m² SU") -> m² SHAB
C8: Surface initiale → | D8: [Sexistant] | E8: 1000 | F8: =F7 -> m² SHAB
C9: Part de l'extension : | E9: =sref_ext/E8 -> 0.16
C13: Quelle méthode pour ces travaux ?
C16: =HLOOKUP(TRUE,C35:H36,2,FALSE) -> RE2020 light : Bbio, Icconstruction et DH
C19: =C36&", voir le : " -> RE2020 light : Bbio, Icconstruction et DH, voir le : | D19: II de l'article 50-3 de l'arrêté du 4 août 2021 >>> | G19: https://www.legifrance.gouv.fr/loda/article_lc/LEGIARTI000050146201/2026-07-02
C20: =F36&", voir le : " -> Des exigences de moyens, voir le : | D20: III de l'article 50-3 de l'arrêté du 4 août 2021 >>> | G20: https://www.legifrance.gouv.fr/loda/article_lc/LEGIARTI000050146201/2026-07-02
C21: Sinon parcourir le Guide DHUP / CEREMA du 9 mai 2025
A24: ↓ CALCUL (masqué) ↓
B27: Typologie | C27: extension | D27: surélévation | E27: surélévation | F27: tout | G27: tout | H27: sinon
B28: Usage | C28: Maison indiv | D28: <> MI | E28: <> MI | F28: tout | G28: <>mi
B29: Sref | C29: >=50 <=80 | D29: >=50 <=150 | E29: >150 | F29: <50 | G29: >=50 <=150
B30: Sext | D30: >30% Sexis | E30: <30% Sexis | G30: <30% Sexis
B31: Calcul Typologie : | C31: =typo_travaux="extension" -> FALSE | D31: =typo_travaux="surélévation" -> TRUE | E31: =typo_travaux="surélévation" -> TRUE | F31: =TRUE -> TRUE | G31: =TRUE -> TRUE
B32: Calcul Usage : | C32: =usage_surelev=Enumération!C4 -> FALSE | D32: =usage_surelev<>Enumération!C4 -> TRUE | E32: =usage_surelev<>Enumération!C4 -> TRUE | F32: =TRUE -> TRUE | G32: =usage_surelev<>Enumération!C4 -> TRUE
B33: Calcul Sref : | C33: =AND(sref_ext>=50,sref_ext<=80) -> FALSE | D33: =AND(sref_ext>=50,sref_ext<=150) -> FALSE | E33: =sref_ext>150 -> TRUE | F33: =sref_ext<50 -> FALSE | G33: =AND(sref_ext>=50,sref_ext<=150) -> FALSE
B34: Calcul Sext : | C34: =TRUE -> TRUE | D34: =E9>=30% -> FALSE | E34: =E9<30% -> TRUE | F34: =TRUE -> TRUE | G34: =E9<30% -> TRUE
B35: RESULTAT | C35: =AND(C31:C34) -> FALSE | D35: =AND(D31:D34) -> FALSE | E35: =AND(E31:E34) -> TRUE | F35: =AND(F31:F34) -> FALSE | G35: =AND(G31:G34) -> FALSE | H35: =NOT(OR(C35:G35)) -> FALSE
C36: RE2020 light : Bbio, Icconstruction et DH | D36: =C36 -> RE2020 light : Bbio, Icconstruction et DH | E36: =D36 -> RE2020 light : Bbio, Icconstruction et DH | F36: Des exigences de moyens | G36: =F36 -> Des exigences de moyens | H36: RE2020
C37: Toutefois, pour les surélévations climatisées situées en zones H2d ou H3, la valeur DHmaxcat estportée à 1400 DH.

Sheet Calcul_dh
B2: Dhmaxcat | C2: =IF(ISNA(VLOOKUP(usage,B3:C29,2,FALSE)),VLOOKUP(usage_detaillé,B3:C29,2,FALSE),VLOOKUP(usage,B3:C29,2,FALSE)) -> 1250 | E2: Dhmaxcat effinergie | F2: =IF(ISNA(VLOOKUP(usage,E3:F6,2,FALSE)),"Ne s'applique pas",VLOOKUP(usage,E3:F6,2,FALSE)) -> 600 | S2: EFFINERGIE BUREAU + SCOLAIRE
B3: =Enumération!C4 -> Maisons_individuelles_ou_accolées | C3: =C32 -> 1250 | E3: =Enumération!C4 -> Maisons_individuelles_ou_accolées | F3: =IF(OR(zoneclim="H2d",zoneclim="H3"),C32,Q8) -> 600
B4: =Enumération!C5 -> Logement_collectif | C4: =C35 -> 1250 | E4: =Enumération!C5 -> Logement_collectif | F4: =IF(OR(zoneclim="H2d",zoneclim="H3"),C35,Q8) -> 600
B5: =Enumération!C6 -> Bureaux | C5: =C43 -> 1150 | E5: =Enumération!C6 -> Bureaux | F5: =IF(OR(zoneclim="H2d",zoneclim="H3",categorie="Catégorie 3"),C43,600) -> 600
B6: =Enumération!C7 -> Enseignement_primaire_ou_secondaire | C6: =C50 -> 900 | E6: =Enumération!C7 -> Enseignement_primaire_ou_secondaire | F6: =IF(OR(zoneclim="H2d",zoneclim="H3",categorie="Catégorie 3"),C50,600) -> 600
B7: =Enumération!C8 -> Médiathèques_et_bibliothèques | C7: =C57 -> 900 | Q7: DM_max_label | R7: Mdh_in | S7: Mdh_br | T7: Mdh_surf
B8: =Enumération!C9 -> Bâtiments_universitaires_d'enseignement_et_de_recherche_et_bâtiments_d’enseignements_atypiques | C8: =C64 -> 900 | Q8: =600+R8+S8+T8 -> 600 | R8: =IF(classe_inertie=Q13,110,0) -> 0 | S8: =IF(expobruit=Calcul_bbio!J63,130,0) -> 0 | T8: =IF(smoylgt<30,140,0) -> 0
B9: =Enumération!E11 -> Hôtels - 0, 1 et 2 étoiles (partie nuit) | C9: =C71 -> 300
B10: =Enumération!E12 -> Hôtels - 3, 4 et 5 étoiles (partie nuit) | C10: =C78 -> 300
B11: =Enumération!E13 -> Hôtels - 0, 1 et 2 étoiles (partie jour) | C11: =C85 -> 1300
B12: =Enumération!E14 -> Hôtels - 3, 4 et 5 étoiles (partie jour) | C12: =C92 -> 1300
B13: =Enumération!C11 -> Etablissements_d'accueil_de_la_petite_enfance | C13: =C99 -> 550 | Q13: Très légère, légère ou moyenne
B14: =Enumération!E16 -> Restaurants - en continu, 18 heures par jour, 7 jours sur 7 | C14: =C106 -> 2500 | Q14: Lourde ou très lourde
B15: =Enumération!E17 -> Restaurants - 1 repas par jour, 5 jours sur 7 | C15: =C113 -> 250
B16: =Enumération!E18 -> Restaurants - 2 repas par jour, 7 jours sur 7 | C16: =C120 -> 1600
B17: =Enumération!E19 -> Restaurants - 2 repas par jour, 6 jours sur 7 | C17: =C127 -> 1250
B18: =Enumération!C13 -> Commerces | C18: =C134 -> 3300
B19: =Enumération!C14 -> Vestiaires seuls | C19: =C141 -> 1000
B20: =Enumération!C15 -> Etablissements_sanitaires_avec_hébergement | C20: =C148 -> 900
B21: =Enumération!E23 -> Etablissements_de_santé - partie nuit | C21: =C155 -> 900
B22: =Enumération!E24 -> Etablissements_de_santé - partie jour | C22: =C162 -> 1250
B23: =Enumération!C17 -> Aérogares | C23: =C169 -> 12100
B24: =Enumération!E26 -> Industries_ou_artisanats - 3x8h | C24: =C176 -> 3200
B25: =Enumération!E27 -> Industries_ou_artisanats - 8h à 18h | C25: =C183 -> 900
B26: =Enumération!C19 -> Etablissements_sportifs_municipaux_ou_scolaires | C26: =C190 -> 2000
B27: =Enumération!E29 -> Restaurants_scolaires - 1 repas par jour, 5 jours sur 7 | C27: =C197 -> 40
B28: =Enumération!E30 -> Restaurants_scolaires - 3 repas par jour, 5 jours sur 7 | C28: =C204 -> 260
B29: =Enumération!C21 -> Etablissements_sportifs_privés | C29: =C211 -> 2000
B31: =IF(usage=B32,"↓↓↓","") | C31: =IF(usage=B32,"↓↓↓","") | G31: Catégorie 1 | H31: Catégorie 2
B32: =B3 -> Maisons_individuelles_ou_accolées | C32: =HLOOKUP(categorie,G31:H32,2,FALSE) -> 1250 | G32: 1250 | H32: 1850
B34: =IF(usage=B35,"↓↓↓","") -> ↓↓↓ | C34: =IF(usage=B35,"↓↓↓","") -> ↓↓↓ | G34: Cat 1 sauf H2d H3 | H34: Cat 1 ET H2d et H3 | I34: Cat 2
B35: =B4 -> Logement_collectif | C35: =VLOOKUP("ICI",F38:I40,MATCH("ICI",F37:I37,0),FALSE) | F35: catégorie → | G35: =IF(categorie=G31,1,0) -> 1 | H35: =IF(categorie=G31,1,0) -> 1 | I35: =IF(categorie=H31,1,0) -> 0
B36: Smoylgt= | C36: =smoylgt -> 63.333333 | F36: zone → | G36: =IF(AND(OR(zoneclim="H2d",zoneclim="H3"),climatisé="OUI"),0,1) | H36: =IF(AND(OR(zoneclim="H2d",zoneclim="H3"),climatisé="OUI"),1,0) | I36: 1
B37: Zone= | C37: =zoneclim -> H1a | G37: =IF(G35*G36,"ICI",FALSE) -> ICI | H37: =IF(H35*H36,"ICI",FALSE) -> FALSE | I37: =IF(I35*I36,"ICI",FALSE) -> FALSE
E38: Smoylgt <= 20 m² | F38: =IF(smoylgt<=20,"ICI",FALSE) -> FALSE | G38: 1250 | H38: 1600 | I38: 2600
E39: 20 < Smoylgt <= 60 | F39: =IF(AND(smoylgt>20,smoylgt<=60),"ICI",FALSE) -> FALSE | G39: 1250 | H39: =1700-(5*smoylgt) -> 1383.3333 | I39: =2850-(12.5*smoylgt) -> 2058.3333
E40: Smoylgt > 60 m² | F40: =IF(smoylgt>60,"ICI",FALSE) -> ICI | G40: 1250 | H40: 1400 | I40: 2100
B42: =IF(usage=B43,"↓↓↓","") | C42: =IF(usage=B43,"↓↓↓","") | G42: Cat 1 sauf clim H2d et H3 | H42: Cat 1 climatisé H2d H3 | I42: Cat 2 | J42: Cat 3
B43: =B5 -> Bureaux | C43: =HLOOKUP("ICI",G46:J47,2,FALSE) -> 1150 | F43: catégorie → | G43: =IF(categorie=G31,1,0) -> 1 | H43: =IF(categorie=G31,1,0) -> 1 | I43: =IF(categorie=H31,1,0) -> 0 | J43: =IF(categorie="Catégorie 3",1,0) -> 0
B44: climatisé= | C44: =climatisé -> NON | F44: climatisé → | G44: =IF(climatisé="OUI",0,1) -> 1 | H44: =IF(climatisé="OUI",1,0) -> 0 | I44: =IF(climatisé="OUI",1,0) -> 0 | J44: 1
B45: Zone= | C45: =zoneclim -> H1a | F45: zone → | G45: =IF(OR(zoneclim="H2d",zoneclim="H3"),0,1) -> 1 | H45: =IF(OR(zoneclim="H2d",zoneclim="H3"),1,0) -> 0 | I45: 1 | J45: 1
G46: =IF(AND(G43,OR(G44,G45)),"ICI",FALSE) -> ICI | H46: =IF(H43*H44*H45,"ICI",FALSE) -> FALSE | I46: =IF(I43*I44*I45,"ICI",FALSE) -> FALSE | J46: =IF(J43*J44*J45,"ICI",FALSE) -> FALSE
F47: DH_maxcat | G47: 1150 | H47: 2400 | I47: 2600 | J47: Pas de seuil
B49: =IF(usage=B50,"↓↓↓","") | C49: =IF(usage=B50,"↓↓↓","") | G49: Cat 1 sauf clim H2d et H3 | H49: Cat 1 climatisé en H2d H3 | I49: Cat 2
B50: =B6 -> Enseignement_primaire_ou_secondaire | C50: =HLOOKUP("ICI",G53:I54,2,FALSE) -> 900 | F50: catégorie → | G50: =IF(categorie=$G$31,1,0) -> 1 | H50: =IF(categorie=$G$31,1,0) -> 1 | I50: =IF(categorie=$H$31,1,0) -> 0
B51: climatisé= | C51: =climatisé -> NON | F51: climatisé → | G51: =IF(climatisé="OUI",0,1) -> 1 | H51: =IF(climatisé="OUI",1,0) -> 0 | I51: =IF(climatisé="OUI",1,0) -> 0
B52: Zone= | C52: =zoneclim -> H1a | F52: zone → | G52: =IF(OR(zoneclim="H2d",zoneclim="H3"),0,1) -> 1 | H52: =IF(OR(zoneclim="H2d",zoneclim="H3"),1,0) -> 0 | I52: 1
G53: =IF(AND(G50,OR(G51,G52)),"ICI",FALSE) -> ICI | H53: =IF(H50*H51*H52,"ICI",FALSE) -> FALSE | I53: =IF(I50*I51*I52,"ICI",FALSE) -> FALSE
F54: DH_maxcat | G54: 900 | H54: 1800 | I54: 2200
B56: =IF(usage=B57,"↓↓↓","") | C56: =IF(usage=B57,"↓↓↓","") | G56: Cat 1 sauf clim H2d et H3 | H56: Cat 1 climatisé en H2d H3 | I56: Cat 2 | J56: Cat 3
B57: =B7 -> Médiathèques_et_bibliothèques | C57: =HLOOKUP("ICI",G60:J61,2,FALSE) -> 900 | F57: catégorie → | G57: =IF(categorie=$G$31,1,0) -> 1 | H57: =IF(categorie=$G$31,1,0) -> 1 | I57: =IF(categorie=$H$31,1,0) -> 0 | J57: =IF(categorie="Catégorie 3",1,0) -> 0
B58: climatisé= | C58: =climatisé -> NON | F58: climatisé → | G58: =IF(climatisé="OUI",0,1) -> 1 | H58: =IF(climatisé="OUI",1,0) -> 0 | I58: =IF(climatisé="OUI",1,0) -> 0 | J58: 1
B59: Zone= | C59: =zoneclim -> H1a | F59: zone → | G59: =IF(OR(zoneclim="H2d",zoneclim="H3"),0,1) -> 1 | H59: =IF(OR(zoneclim="H2d",zoneclim="H3"),1,0) -> 0 | I59: 1 | J59: 1
G60: =IF(AND(G57,OR(G58,G59)),"ICI",FALSE) -> ICI | H60: =IF(H57*H58*H59,"ICI",FALSE) -> FALSE | I60: =IF(I57*I58*I59,"ICI",FALSE) -> FALSE | J60: =IF(J57*J58*J59,"ICI",FALSE) -> FALSE
F61: DH_maxcat | G61: 900 | H61: 2200 | I61: 2400 | J61: Pas de seuil
B63: =IF(usage=B64,"↓↓↓","") | C63: =IF(usage=B64,"↓↓↓","") | G63: Cat 1 sauf clim H2d et H3 | H63: Cat 1 climatisé en H2d H3 | I63: Cat 2 | J63: Cat 3
B64: =B8 -> Bâtiments_universitaires_d'enseignement_et_de_recherche_et_bâtiments_d’enseignements_atypiques | C64: =HLOOKUP("ICI",G67:J68,2,FALSE) -> 900 | F64: catégorie → | G64: =IF(categorie=$G$31,1,0) -> 1 | H64: =IF(categorie=$G$31,1,0) -> 1 | I64: =IF(categorie=$H$31,1,0) -> 0 | J64: =IF(categorie="Catégorie 3",1,0) -> 0
B65: climatisé= | C65: =climatisé -> NON | F65: climatisé → | G65: =IF(climatisé="OUI",0,1) -> 1 | H65: =IF(climatisé="OUI",1,0) -> 0 | I65: =IF(climatisé="OUI",1,0) -> 0 | J65: 1
B66: Zone= | C66: =zoneclim -> H1a | F66: zone → | G66: =IF(OR(zoneclim="H2d",zoneclim="H3"),0,1) -> 1 | H66: =IF(OR(zoneclim="H2d",zoneclim="H3"),1,0) -> 0 | I66: 1 | J66: 1
G67: =IF(AND(G64,OR(G65,G66)),"ICI",FALSE) -> ICI | H67: =IF(H64*H65*H66,"ICI",FALSE) -> FALSE | I67: =IF(I64*I65*I66,"ICI",FALSE) -> FALSE | J67: =IF(J64*J65*J66,"ICI",FALSE) -> FALSE
F68: DH_maxcat | G68: 900 | H68: 2200 | I68: 2400 | J68: Pas de seuil
B70: =IF(usage_detaillé=B71,"↓↓↓","") | C70: =IF(usage_detaillé=B71,"↓↓↓","") | G70: Cat 1 sauf clim H2d et H3 | H70: Cat 1 climatisé en H2d H3 | I70: Cat 2 | J70: Cat 3
B71: =Enumération!E11 -> Hôtels - 0, 1 et 2 étoiles (partie nuit) | C71: =HLOOKUP("ICI",G74:J75,2,FALSE) -> 300 | F71: catégorie → | G71: =IF(categorie=$G$31,1,0) -> 1 | H71: =IF(categorie=$G$31,1,0) -> 1 | I71: =IF(categorie=$H$31,1,0) -> 0 | J71: =IF(categorie="Catégorie 3",1,0) -> 0
B72: climatisé= | C72: =climatisé -> NON | F72: climatisé → | G72: =IF(climatisé="OUI",0,1) -> 1 | H72: =IF(climatisé="OUI",1,0) -> 0 | I72: =IF(climatisé="OUI",1,0) -> 0 | J72: 1
B73: Zone= | C73: =zoneclim -> H1a | F73: zone → | G73: =IF(OR(zoneclim="H2d",zoneclim="H3"),0,1) -> 1 | H73: =IF(OR(zoneclim="H2d",zoneclim="H3"),1,0) -> 0 | I73: 1 | J73: 1
G74: =IF(AND(G71,OR(G72,G73)),"ICI",FALSE) -> ICI | H74: =IF(H71*H72*H73,"ICI",FALSE) -> FALSE | I74: =IF(I71*I72*I73,"ICI",FALSE) -> FALSE | J74: =IF(J71*J72*J73,"ICI",FALSE) -> FALSE
F75: DH_maxcat | G75: 300 | H75: 700 | I75: 1000 | J75: Pas de seuil
B77: =IF(usage_detaillé=B78,"↓↓↓","") | C77: =IF(usage_detaillé=B78,"↓↓↓","") | G77: Cat 1 sauf clim H2d et H3 | H77: Cat 1 climatisé en H2d H3 | I77: Cat 2 | J77: Cat 3
B78: =Enumération!E12 -> Hôtels - 3, 4 et 5 étoiles (partie nuit) | C78: =HLOOKUP("ICI",G81:J82,2,FALSE) -> 300 | F78: catégorie → | G78: =IF(categorie=$G$31,1,0) -> 1 | H78: =IF(categorie=$G$31,1,0) -> 1 | I78: =IF(categorie=$H$31,1,0) -> 0 | J78: =IF(categorie="Catégorie 3",1,0) -> 0
B79: climatisé= | C79: =climatisé -> NON | F79: climatisé → | G79: =IF(climatisé="OUI",0,1) -> 1 | H79: =IF(climatisé="OUI",1,0) -> 0 | I79: =IF(climatisé="OUI",1,0) -> 0 | J79: 1
B80: Zone= | C80: =zoneclim -> H1a | F80: zone → | G80: =IF(OR(zoneclim="H2d",zoneclim="H3"),0,1) -> 1 | H80: =IF(OR(zoneclim="H2d",zoneclim="H3"),1,0) -> 0 | I80: 1 | J80: 1
G81: =IF(AND(G78,OR(G79,G80)),"ICI",FALSE) -> ICI | H81: =IF(H78*H79*H80,"ICI",FALSE) -> FALSE | I81: =IF(I78*I79*I80,"ICI",FALSE) -> FALSE | J81: =IF(J78*J79*J80,"ICI",FALSE) -> FALSE
F82: DH_maxcat | G82: 300 | H82: 700 | I82: 1000 | J82: Pas de seuil
B84: =IF(usage_detaillé=B85,"↓↓↓","") | C84: =IF(usage_detaillé=B85,"↓↓↓","") | G84: Cat 1 sauf clim H2d et H3 | H84: Cat 1 climatisé en H2d H3 | I84: Cat 2 | J84: Cat 3
B85: =Enumération!E13 -> Hôtels - 0, 1 et 2 étoiles (partie jour) | C85: =HLOOKUP("ICI",G88:J89,2,FALSE) -> 1300 | F85: catégorie → | G85: =IF(categorie=$G$31,1,0) -> 1 | H85: =IF(categorie=$G$31,1,0) -> 1 | I85: =IF(categorie=$H$31,1,0) -> 0 | J85: =IF(categorie="Catégorie 3",1,0) -> 0
B86: climatisé= | C86: =climatisé -> NON | F86: climatisé → | G86: =IF(climatisé="OUI",0,1) -> 1 | H86: =IF(climatisé="OUI",1,0) -> 0 | I86: =IF(climatisé="OUI",1,0) -> 0 | J86: 1
B87: Zone= | C87: =zoneclim -> H1a | F87: zone → | G87: =IF(OR(zoneclim="H2d",zoneclim="H3"),0,1) -> 1 | H87: =IF(OR(zoneclim="H2d",zoneclim="H3"),1,0) -> 0 | I87: 1 | J87: 1
G88: =IF(AND(G85,OR(G86,G87)),"ICI",FALSE) -> ICI | H88: =IF(H85*H86*H87,"ICI",FALSE) -> FALSE | I88: =IF(I85*I86*I87,"ICI",FALSE) -> FALSE | J88: =IF(J85*J86*J87,"ICI",FALSE) -> FALSE
F89: DH_maxcat | G89: 1300 | H89: 3300 | I89: 3400 | J89: Pas de seuil
B91: =IF(usage_detaillé=B92,"↓↓↓","") | C91: =IF(usage_detaillé=B92,"↓↓↓","") | G91: Cat 1 sauf clim H2d et H3 | H91: Cat 1 climatisé en H2d H3 | I91: Cat 2 | J91: Cat 3
B92: =Enumération!E14 -> Hôtels - 3, 4 et 5 étoiles (partie jour) | C92: =HLOOKUP("ICI",G95:J96,2,FALSE) -> 1300 | F92: catégorie → | G92: =IF(categorie=$G$31,1,0) -> 1 | H92: =IF(categorie=$G$31,1,0) -> 1 | I92: =IF(categorie=$H$31,1,0) -> 0 | J92: =IF(categorie="Catégorie 3",1,0) -> 0
B93: climatisé= | C93: =climatisé -> NON | F93: climatisé → | G93: =IF(climatisé="OUI",0,1) -> 1 | H93: =IF(climatisé="OUI",1,0) -> 0 | I93: =IF(climatisé="OUI",1,0) -> 0 | J93: 1
B94: Zone= | C94: =zoneclim -> H1a | F94: zone → | G94: =IF(OR(zoneclim="H2d",zoneclim="H3"),0,1) -> 1 | H94: =IF(OR(zoneclim="H2d",zoneclim="H3"),1,0) -> 0 | I94: 1 | J94: 1
G95: =IF(AND(G92,OR(G93,G94)),"ICI",FALSE) -> ICI | H95: =IF(H92*H93*H94,"ICI",FALSE) -> FALSE | I95: =IF(I92*I93*I94,"ICI",FALSE) -> FALSE | J95: =IF(J92*J93*J94,"ICI",FALSE) -> FALSE
F96: DH_maxcat | G96: 1300 | H96: 3300 | I96: 3400 | J96: Pas de seuil
B98: =IF(usage=B99,"↓↓↓","") | C98: =IF(usage=B99,"↓↓↓","") | G98: Cat 1 sauf clim H2d et H3 | H98: Cat 1 climatisé en H2d H3 | I98: Cat 2 | J98: Cat 3
B99: =B13 -> Etablissements_d'accueil_de_la_petite_enfance | C99: =HLOOKUP("ICI",G102:J103,2,FALSE) -> 550 | F99: catégorie → | G99: =IF(categorie=$G$31,1,0) -> 1 | H99: =IF(categorie=$G$31,1,0) -> 1 | I99: =IF(categorie=$H$31,1,0) -> 0 | J99: =IF(categorie="Catégorie 3",1,0) -> 0
B100: climatisé= | C100: =climatisé -> NON | F100: climatisé → | G100: =IF(climatisé="OUI",0,1) -> 1 | H100: =IF(climatisé="OUI",1,0) -> 0 | I100: =IF(climatisé="OUI",1,0) -> 0 | J100: 1
B101: Zone= | C101: =zoneclim -> H1a | F101: zone → | G101: =IF(OR(zoneclim="H2d",zoneclim="H3"),0,1) -> 1 | H101: =IF(OR(zoneclim="H2d",zoneclim="H3"),1,0) -> 0 | I101: 1 | J101: 1
G102: =IF(AND(G99,OR(G100,G101)),"ICI",FALSE) -> ICI | H102: =IF(H99*H100*H101,"ICI",FALSE) -> FALSE | I102: =IF(I99*I100*I101,"ICI",FALSE) -> FALSE | J102: =IF(J99*J100*J101,"ICI",FALSE) -> FALSE
F103: DH_maxcat | G103: 550 | H103: 1600 | I103: 1600 | J103: Pas de seuil
B105: =IF(usage_detaillé=B106,"↓↓↓","") | C105: =IF(usage_detaillé=B106,"↓↓↓","") | G105: Cat 1 sauf clim H2d et H3 | H105: Cat 1 climatisé en H2d H3 | I105: Cat 2 | J105: Cat 3
B106: =Enumération!E16 -> Restaurants - en continu, 18 heures par jour, 7 jours sur 7 | C106: =HLOOKUP("ICI",G109:J110,2,FALSE) -> 2500 | F106: catégorie → | G106: =IF(categorie=$G$31,1,0) -> 1 | H106: =IF(categorie=$G$31,1,0) -> 1 | I106: =IF(categorie=$H$31,1,0) -> 0 | J106: =IF(categorie="Catégorie 3",1,0) -> 0
B107: climatisé= | C107: =climatisé -> NON | F107: climatisé → | G107: =IF(climatisé="OUI",0,1) -> 1 | H107: =IF(climatisé="OUI",1,0) -> 0 | I107: =IF(climatisé="OUI",1,0) -> 0 | J107: 1
B108: Zone= | C108: =zoneclim -> H1a | F108: zone → | G108: =IF(OR(zoneclim="H2d",zoneclim="H3"),0,1) -> 1 | H108: =IF(OR(zoneclim="H2d",zoneclim="H3"),1,0) -> 0 | I108: 1 | J108: 1
G109: =IF(AND(G106,OR(G107,G108)),"ICI",FALSE) -> ICI | H109: =IF(H106*H107*H108,"ICI",FALSE) -> FALSE | I109: =IF(I106*I107*I108,"ICI",FALSE) -> FALSE | J109: =IF(J106*J107*J108,"ICI",FALSE) -> FALSE
F110: DH_maxcat | G110: 2500 | H110: 5000 | I110: 5000 | J110: Pas de seuil
B112: =IF(usage_detaillé=B113,"↓↓↓","") | C112: =IF(usage_detaillé=B113,"↓↓↓","") | G112: Cat 1 sauf clim H2d et H3 | H112: Cat 1 climatisé en H2d H3 | I112: Cat 2 | J112: Cat 3
B113: =B15 -> Restaurants - 1 repas par jour, 5 jours sur 7 | C113: =HLOOKUP("ICI",G116:J117,2,FALSE) -> 250 | F113: catégorie → | G113: =IF(categorie=$G$31,1,0) -> 1 | H113: =IF(categorie=$G$31,1,0) -> 1 | I113: =IF(categorie=$H$31,1,0) -> 0 | J113: =IF(categorie="Catégorie 3",1,0) -> 0
B114: climatisé= | C114: =climatisé -> NON | F114: climatisé → | G114: =IF(climatisé="OUI",0,1) -> 1 | H114: =IF(climatisé="OUI",1,0) -> 0 | I114: =IF(climatisé="OUI",1,0) -> 0 | J114: 1
...

Sheet Calcul_energie
B2: Mc pour l’énergie
E3: Cepnrmaxmoyen | F3: Cepmaxmoyen | J3: ↓ date PC adaptée ↓ | K3: ↓ usage adaptée ↓ | L3: Icénergie
B4: Les coefficients de modulation des Cep Cepnr et Icénergie commencent tous par « Mc ». Les formules sont : | D4: ↓ usage détaillé ↓ | E4: =VLOOKUP(D5,D6:E33,2,FALSE) -> 70 | F4: =VLOOKUP(D5,D6:F33,3,FALSE) -> 85 | J4: =IF(AND(rcu="OUI",rcu_classe="OUI",OR(depotpc="2022 à 2024",depotpc="2025 à 2027")),L5,IF(OR(depotpc="2028 à 2030",depotpc="à partir de 2031"),N5,depotpc)) | K4: =IF(rcu="OUI",D5&" - RCU",D5&" - autres cas") -> Logement_collectif - autres cas | L4: =INDEX(L6:N61,MATCH(K4,K6:K61,0),MATCH(J4,L5:N5,0)) -> 260
D5: =IF(OR(usage = Enumération!C7,usage = Enumération!C10, usage = Enumération!C12, usage = Enumération!C16,usage = Enumération!C18,usage = Enumération!C20),usage&" - "&usage_secondaire,usage) -> Logement_collectif | E5: Cepnrmaxmoyen | F5: Cepmaxmoyen | I5: Mccat | L5: =Calcul_matiere!E4 -> 2022 à 2024 | M5: =Calcul_matiere!F4 -> 2025 à 2027 | N5: à partir de 2028
B6: Cep,nr_max = Cep,nr_maxmoyen × (1 + Mcgéo + Mccombles + Mcsurf_moy + Mcsurf_tot + Mccat + McHSP) | D6: =Enumération!C4 -> Maisons_individuelles_ou_accolées | E6: 55 | F6: 75 | G6: 0 | H6: 0 | I6: 0 | J6: 6 | K6: {=INDIRECT(ADDRESS(J6,4))&" - RCU"} -> Maisons_individuelles_ou_accolées - RCU | L6: 200 | M6: 200 | N6: 160
D7: =Enumération!C5 -> Logement_collectif | E7: 70 | F7: 85 | G7: 3 | H7: 2 | I7: 2 | J7: =J6+0 -> 6 | K7: {=INDIRECT(ADDRESS(J7,4))&" - autres cas"} -> Maisons_individuelles_ou_accolées - autres cas | L7: 160 | M7: 160 | N7: 160
B8: Cep_max = Cep_maxmoyen × (1 + Mcgéo + Mccombles + Mcsurf_moy + Mcsurf_tot + Mccat + McHSP) | D8: =Enumération!C6 -> Bureaux | E8: 75 | F8: 85 | G8: 6 | H8: 4 | I8: 4 | J8: =J7+1 -> 7 | K8: {=INDIRECT(ADDRESS(J8,4))&" - RCU"} -> Logement_collectif - RCU | L8: 560 | M8: 320 | N8: 260
D9: =_xlfn.CONCAT(Enumération!C$7," - ",Enumération!F4) -> Enseignement_primaire_ou_secondaire - Enseignement primaire | E9: 65 | F9: 72 | G9: 9 | H9: 6 | I9: 7 | J9: =J8+0 -> 7 | K9: {=INDIRECT(ADDRESS(J9,4))&" - autres cas"} -> Logement_collectif - autres cas | L9: 560 | M9: 260 | N9: 260
B10: Icénergie_max = Icénergie_maxmoyen× (1 + Mcgéo + Mccombles + Mcsurf_moy + Mcsurf_tot + Mccat + McHSP) | D10: =_xlfn.CONCAT(Enumération!C$7," - ",Enumération!F5) -> Enseignement_primaire_ou_secondaire - Enseignement secondaire | E10: 63 | F10: 72 | G10: 9 | H10: 8 | I10: 7 | J10: =J9+1 -> 8 | K10: {=INDIRECT(ADDRESS(J10,4))&" - RCU"} -> Bureaux - RCU | L10: 280 | M10: 200 | N10: 200
D11: =Enumération!C8 -> Médiathèques_et_bibliothèques | E11: 93 | F11: 105 | G11: 12 | H11: 10 | I11: 9 | J11: =J10+0 -> 8 | K11: {=INDIRECT(ADDRESS(J11,4))&" - autres cas"} -> Bureaux - autres cas | L11: 200 | M11: 200 | N11: 200
B12: Cep,nr_maxmoyen, Cep_maxmoyen, Icénergie_maxmoyen : valeurs respectives de l’exigence pour un bâtiment moyen, dépendant de l’usage du bâtiment ou de la partie de bâtiment ; | D12: =Enumération!C9 -> Bâtiments_universitaires_d'enseignement_et_de_recherche_et_bâtiments_d’enseignements_atypiques | E12: 102 | F12: 112 | G12: 15 | H12: 12 | I12: 12 | J12: =J11+1 -> 9 | K12: {=INDIRECT(ADDRESS(J12,4))&" - RCU"} -> Enseignement_primaire_ou_secondaire - Enseignement primaire - RCU | L12: 240 | M12: 200 | N12: 140
B13: Mcgéo : coefficient de modulation selon la localisation géographique ; | D13: =_xlfn.CONCAT(Enumération!C$10," - ",Enumération!G4) -> Hôtels - 0, 1 et 2 étoiles (partie nuit) | E13: 121 | F13: 144 | G13: 18 | H13: 14 | I13: 15 | J13: =J12+0 -> 9 | K13: {=INDIRECT(ADDRESS(J13,4))&" - autres cas"} -> Enseignement_primaire_ou_secondaire - Enseignement primaire - autres cas | L13: 240 | M13: 140 | N13: 140
B14: Mccombles : coefficient de modulation selon la surface de plancher de combles aménagés ; | D14: =_xlfn.CONCAT(Enumération!C$10," - ",Enumération!G5) -> Hôtels - 3, 4 et 5 étoiles (partie nuit) | E14: 118 | F14: 138 | G14: 21 | H14: 14 | I14: 15 | J14: =J13+1 -> 10 | K14: {=INDIRECT(ADDRESS(J14,4))&" - RCU"} -> Enseignement_primaire_ou_secondaire - Enseignement secondaire - RCU | L14: 240 | M14: 200 | N14: 140
B15: Mcsurf_moy : coefficient de modulation selon la surface moyenne des logements ; | D15: =_xlfn.CONCAT(Enumération!C$10," - ",Enumération!G6) -> Hôtels - 0, 1 et 2 étoiles (partie jour) | E15: 235 | F15: 252 | G15: 24 | H15: 14 | I15: 15 | J15: =J14+0 -> 10 | K15: {=INDIRECT(ADDRESS(J15,4))&" - autres cas"} -> Enseignement_primaire_ou_secondaire - Enseignement secondaire - autres cas | L15: 240 | M15: 140 | N15: 140
B16: Mcsurf_tot : coefficient de modulation selon la surface de référence ; | D16: =_xlfn.CONCAT(Enumération!C$10," - ",Enumération!G7) -> Hôtels - 3, 4 et 5 étoiles (partie jour) | E16: 234 | F16: 281 | G16: 27 | H16: 14 | I16: 15 | J16: =J15+1 -> 11 | K16: {=INDIRECT(ADDRESS(J16,4))&" - RCU"} -> Médiathèques_et_bibliothèques - RCU | L16: 360 | M16: 285 | N16: 285
B17: Mccat : coefficient de modulation selon la catégorie de contraintes extérieures. | D17: =Enumération!C11 -> Etablissements_d'accueil_de_la_petite_enfance | E17: 150 | F17: 182 | G17: 30 | H17: 16 | I17: 18 | J17: =J16+0 -> 11 | K17: {=INDIRECT(ADDRESS(J17,4))&" - autres cas"} -> Médiathèques_et_bibliothèques - autres cas | L17: - | M17: 285 | N17: 285
B18: McHSP : coefficient de modulation selon la hauteur sous plafond moyenne des étages. | D18: =_xlfn.CONCAT(Enumération!C$12," - ",Enumération!H4) -> Restaurants - en continu, 18 heures par jour, 7 jours sur 7 | E18: 282 | F18: 578 | G18: 33 | H18: 18 | I18: 21 | J18: =J17+1 -> 12 | K18: {=INDIRECT(ADDRESS(J18,4))&" - RCU"} -> Bâtiments_universitaires_d'enseignement_et_de_recherche_et_bâtiments_d’enseignements_atypiques - RCU | L18: 225 | M18: 190 | N18: 190
D19: =_xlfn.CONCAT(Enumération!C$12," - ",Enumération!H5) -> Restaurants - 1 repas par jour, 5 jours sur 7 | E19: 132 | F19: 275 | G19: 36 | H19: 18 | I19: 21 | J19: =J18+0 -> 12 | K19: {=INDIRECT(ADDRESS(J19,4))&" - autres cas"} -> Bâtiments_universitaires_d'enseignement_et_de_recherche_et_bâtiments_d’enseignements_atypiques - autres cas | L19: - | M19: 190 | N19: 190
D20: =_xlfn.CONCAT(Enumération!C$12," - ",Enumération!H6) -> Restaurants - 2 repas par jour, 7 jours sur 7 | E20: 219 | F20: 446 | G20: 39 | H20: 18 | I20: 21 | J20: =J19+1 -> 13 | K20: {=INDIRECT(ADDRESS(J20,4))&" - RCU"} -> Hôtels - 0, 1 et 2 étoiles (partie nuit) - RCU | L20: 490 | M20: 390 | N20: 390
D21: =_xlfn.CONCAT(Enumération!C$12," - ",Enumération!H7) -> Restaurants - 2 repas par jour, 6 jours sur 7 | E21: 214 | F21: 412 | G21: 42 | H21: 18 | I21: 21 | J21: =J20+0 -> 13 | K21: {=INDIRECT(ADDRESS(J21,4))&" - autres cas"} -> Hôtels - 0, 1 et 2 étoiles (partie nuit) - autres cas | L21: - | M21: 390 | N21: 390
D22: =Enumération!C13 -> Commerces | E22: 163 | F22: 182 | G22: 45 | H22: 20 | I22: 24 | J22: =J21+1 -> 14 | K22: {=INDIRECT(ADDRESS(J22,4))&" - RCU"} -> Hôtels - 3, 4 et 5 étoiles (partie nuit) - RCU | L22: 485 | M22: 350 | N22: 350
D23: =Enumération!C14 -> Vestiaires seuls | E23: 242 | F23: 306 | G23: 48 | H23: 22 | I23: 27 | J23: =J22+0 -> 14 | K23: {=INDIRECT(ADDRESS(J23,4))&" - autres cas"} -> Hôtels - 3, 4 et 5 étoiles (partie nuit) - autres cas | L23: - | M23: 350 | N23: 350
D24: =Enumération!C15 -> Etablissements_sanitaires_avec_hébergement | E24: 190 | F24: 252 | G24: 51 | H24: 24 | I24: 30 | J24: =J23+1 -> 15 | K24: {=INDIRECT(ADDRESS(J24,4))&" - RCU"} -> Hôtels - 0, 1 et 2 étoiles (partie jour) - RCU | L24: 595 | M24: 495 | N24: 495
D25: =_xlfn.CONCAT(Enumération!C$16," - ",Enumération!I4) -> Etablissements_de_santé - partie nuit | E25: 274 | F25: 302 | G25: 54 | H25: 26 | I25: 33 | J25: =J24+0 -> 15 | K25: {=INDIRECT(ADDRESS(J25,4))&" - autres cas"} -> Hôtels - 0, 1 et 2 étoiles (partie jour) - autres cas | L25: - | M25: 495 | N25: 495
D26: =_xlfn.CONCAT(Enumération!C$16," - ",Enumération!I5) -> Etablissements_de_santé - partie jour | E26: 165 | F26: 180 | G26: 57 | H26: 26 | I26: 33 | J26: =J25+1 -> 16 | K26: {=INDIRECT(ADDRESS(J26,4))&" - RCU"} -> Hôtels - 3, 4 et 5 étoiles (partie jour) - RCU | L26: 630 | M26: 520 | N26: 520
D27: =Enumération!C17 -> Aérogares | E27: 191 | F27: 253 | G27: 60 | H27: 28 | I27: 36 | J27: =J26+0 -> 16 | K27: {=INDIRECT(ADDRESS(J27,4))&" - autres cas"} -> Hôtels - 3, 4 et 5 étoiles (partie jour) - autres cas | L27: - | M27: 520 | N27: 520
D28: =_xlfn.CONCAT(Enumération!C$18," - ",Enumération!J4) -> Industries_ou_artisanats - 3x8h | E28: 290 | F28: 365 | G28: 63 | H28: 30 | I28: 39 | J28: =J27+1 -> 17 | K28: {=INDIRECT(ADDRESS(J28,4))&" - RCU"} -> Etablissements_d'accueil_de_la_petite_enfance - RCU | L28: 895 | M28: 680 | N28: 680
D29: =_xlfn.CONCAT(Enumération!C$18," - ",Enumération!J5) -> Industries_ou_artisanats - 8h à 18h | E29: 94 | F29: 116 | G29: 66 | H29: 30 | I29: 39 | J29: =J28+0 -> 17 | K29: {=INDIRECT(ADDRESS(J29,4))&" - autres cas"} -> Etablissements_d'accueil_de_la_petite_enfance - autres cas | L29: - | M29: 680 | N29: 680
D30: =Enumération!C19 -> Etablissements_sportifs_municipaux_ou_scolaires | E30: 94 | F30: 116 | G30: 69 | H30: 32 | I30: 42 | J30: =J29+1 -> 18 | K30: {=INDIRECT(ADDRESS(J30,4))&" - RCU"} -> Restaurants - en continu, 18 heures par jour, 7 jours sur 7 - RCU | L30: 670 | M30: 570 | N30: 570
D31: =_xlfn.CONCAT(Enumération!C$20," - ",Enumération!K4) -> Restaurants_scolaires - 1 repas par jour, 5 jours sur 7 | E31: 119 | F31: 251 | G31: 72 | H31: 34 | I31: 45 | J31: =J30+0 -> 18 | K31: {=INDIRECT(ADDRESS(J31,4))&" - autres cas"} -> Restaurants - en continu, 18 heures par jour, 7 jours sur 7 - autres cas | L31: - | M31: 570 | N31: 570
D32: =_xlfn.CONCAT(Enumération!C$20," - ",Enumération!K5) -> Restaurants_scolaires - 3 repas par jour, 5 jours sur 7 | E32: 153 | F32: 329 | G32: 75 | H32: 34 | I32: 45 | J32: =J31+1 -> 19 | K32: {=INDIRECT(ADDRESS(J32,4))&" - RCU"} -> Restaurants - 1 repas par jour, 5 jours sur 7 - RCU | L32: 605 | M32: 470 | N32: 470
D33: =Enumération!C21 -> Etablissements_sportifs_privés | E33: 112 | F33: 148 | G33: 78 | H33: 36 | I33: 48 | J33: =J32+0 -> 19 | K33: {=INDIRECT(ADDRESS(J33,4))&" - autres cas"} -> Restaurants - 1 repas par jour, 5 jours sur 7 - autres cas | L33: - | M33: 470 | N33: 470
J34: =J33+1 -> 20 | K34: {=INDIRECT(ADDRESS(J34,4))&" - RCU"} -> Restaurants - 2 repas par jour, 7 jours sur 7 - RCU | L34: 705 | M34: 570 | N34: 570
J35: =J34+0 -> 20 | K35: {=INDIRECT(ADDRESS(J35,4))&" - autres cas"} -> Restaurants - 2 repas par jour, 7 jours sur 7 - autres cas | L35: - | M35: 570 | N35: 570
J36: =J35+1 -> 21 | K36: {=INDIRECT(ADDRESS(J36,4))&" - RCU"} -> Restaurants - 2 repas par jour, 6 jours sur 7 - RCU | L36: 675 | M36: 545 | N36: 545
J37: =J36+0 -> 21 | K37: {=INDIRECT(ADDRESS(J37,4))&" - autres cas"} -> Restaurants - 2 repas par jour, 6 jours sur 7 - autres cas | L37: - | M37: 545 | N37: 545
J38: =J37+1 -> 22 | K38: {=INDIRECT(ADDRESS(J38,4))&" - RCU"} -> Commerces - RCU | L38: 315 | M38: 315 | N38: 315
J39: =J38+0 -> 22 | K39: {=INDIRECT(ADDRESS(J39,4))&" - autres cas"} -> Commerces - autres cas | L39: - | M39: 315 | N39: 315
J40: =J39+1 -> 23 | K40: {=INDIRECT(ADDRESS(J40,4))&" - RCU"} -> Vestiaires seuls - RCU | L40: 1460 | M40: 1120 | N40: 1120
J41: =J40+0 -> 23 | K41: {=INDIRECT(ADDRESS(J41,4))&" - autres cas"} -> Vestiaires seuls - autres cas | L41: - | M41: 585 | N41: 585
J42: =J41+1 -> 24 | K42: {=INDIRECT(ADDRESS(J42,4))&" - RCU"} -> Etablissements_sanitaires_avec_hébergement - RCU | L42: 1155 | M42: 890 | N42: 890
J43: =J42+0 -> 24 | K43: {=INDIRECT(ADDRESS(J43,4))&" - autres cas"} -> Etablissements_sanitaires_avec_hébergement - autres cas | L43: - | M43: 330 | N43: 330
J44: =J43+1 -> 25 | K44: {=INDIRECT(ADDRESS(J44,4))&" - RCU"} -> Etablissements_de_santé - partie nuit - RCU | L44: 575 | M44: 490 | N44: 490
J45: =J44+0 -> 25 | K45: {=INDIRECT(ADDRESS(J45,4))&" - autres cas"} -> Etablissements_de_santé - partie nuit - autres cas | L45: - | M45: 320 | N45: 320
J46: =J45+1 -> 26 | K46: {=INDIRECT(ADDRESS(J46,4))&" - RCU"} -> Etablissements_de_santé - partie jour - RCU | L46: 615 | M46: 365 | N46: 365
J47: =J46+0 -> 26 | K47: {=INDIRECT(ADDRESS(J47,4))&" - autres cas"} -> Etablissements_de_santé - partie jour - autres cas | L47: - | M47: 230 | N47: 230
J48: =J47+1 -> 27 | K48: {=INDIRECT(ADDRESS(J48,4))&" - RCU"} -> Aérogares - RCU | L48: 290 | M48: 260 | N48: 260
J49: =J48+0 -> 27 | K49: {=INDIRECT(ADDRESS(J49,4))&" - autres cas"} -> Aérogares - autres cas | L49: - | M49: 260 | N49: 260
J50: =J49+1 -> 28 | K50: {=INDIRECT(ADDRESS(J50,4))&" - RCU"} -> Industries_ou_artisanats - 3x8h - RCU | L50: - | M50: 315 | N50: 315
J51: =J50+0 -> 28 | K51: {=INDIRECT(ADDRESS(J51,4))&" - autres cas"} -> Industries_ou_artisanats - 3x8h - autres cas | L51: - | M51: 315 | N51: 315
J52: =J51+1 -> 29 | K52: {=INDIRECT(ADDRESS(J52,4))&" - RCU"} -> Industries_ou_artisanats - 8h à 18h - RCU | L52: - | M52: 110 | N52: 110
J53: =J52+0 -> 29 | K53: {=INDIRECT(ADDRESS(J53,4))&" - autres cas"} -> Industries_ou_artisanats - 8h à 18h - autres cas | L53: - | M53: 110 | N53: 110
J54: =J53+1 -> 30 | K54: {=INDIRECT(ADDRESS(J54,4))&" - RCU"} -> Etablissements_sportifs_municipaux_ou_scolaires - RCU | L54: 330 | M54: 265 | N54: 265
J55: =J54+0 -> 30 | K55: {=INDIRECT(ADDRESS(J55,4))&" - autres cas"} -> Etablissements_sportifs_municipaux_ou_scolaires - autres cas | L55: - | M55: 150 | N55: 150
J56: =J55+1 -> 31 | K56: {=INDIRECT(ADDRESS(J56,4))&" - RCU"} -> Restaurants_scolaires - 1 repas par jour, 5 jours sur 7 - RCU | L56: 570 | M56: 445 | N56: 445
J57: =J56+0 -> 31 | K57: {=INDIRECT(ADDRESS(J57,4))&" - autres cas"} -> Restaurants_scolaires - 1 repas par jour, 5 jours sur 7 - autres cas | L57: - | M57: 445 | N57: 445
J58: =J57+1 -> 32 | K58: {=INDIRECT(ADDRESS(J58,4))&" - RCU"} -> Restaurants_scolaires - 3 repas par jour, 5 jours sur 7 - RCU | L58: 615 | M58: 485 | N58: 485
J59: =J58+0 -> 32 | K59: {=INDIRECT(ADDRESS(J59,4))&" - autres cas"} -> Restaurants_scolaires - 3 repas par jour, 5 jours sur 7 - autres cas | L59: - | M59: 485 | N59: 485
J60: =J59+1 -> 33 | K60: {=INDIRECT(ADDRESS(J60,4))&" - RCU"} -> Etablissements_sportifs_privés - RCU | L60: 535 | M60: 420 | N60: 420
J61: =J60+0 -> 33 | K61: {=INDIRECT(ADDRESS(J61,4))&" - autres cas"} -> Etablissements_sportifs_privés - autres cas | L61: - | M61: 190 | N61: 190
D63: Mcgeo | E63: {=IF(D75="non",INDEX(E66:CG73,MATCH(zoneclim,D66:D73,0),MATCH(elevation,E65:G65,0)+D65),E75)} -> 0.05
E64: =Enumération!C39 -> Maisons_individuelles_ou_accolées | H64: =Enumération!F39 -> Logement_collectif | K64: =Enumération!I39 -> Bureaux | N64: =Enumération!L39 -> Enseignement_primaire_ou_secondaire | Q64: =Enumération!O39 -> Médiathèques_et_bibliothèques | T64: =Enumération!R39 -> Bâtiments_universitaires_d'enseignement_et_de_recherche_et_bâtiments_d’enseignements_atypiques | W64: Hôtels - 0, 1 et 2 étoiles (partie nuit) | Z64: Hôtels - 3, 4 et 5 étoiles (partie nuit) | AC64: Hôtels - 0, 1 et 2 étoiles (partie jour) | AF64: Hôtels - 3, 4 et 5 étoiles (partie jour) | AI64: =Enumération!X39 -> Etablissements_d'accueil_de_la_petite_enfance | AL64: Restaurants - en continu, 18 heures par jour, 7 jours sur 7 | AO64: Restaurants - 1 repas par jour, 5 jours sur 7 | AR64: Restaurants - 2 repas par jour, 7 jours sur 7 | AU64: Restaurants - 2 repas par jour, 6 jours sur 7 | AX64: =Enumération!AD39 -> Commerces | BA64: =Enumération!AG39 -> Vestiaires seuls | BD64: =Enumération!AJ39 -> Etablissements_sanitaires_avec_hébergement | BG64: Etablissements_de_santé - partie nuit | BJ64: Etablissements_de_santé - partie jour | BM64: =Enumération!AP39 -> Aérogares | BP64: Industries_ou_artisanats - 3x8h | BS64: Industries_ou_artisanats - 8h à 18h | BV64: =Enumération!AV39 -> Etablissements_sportifs_municipaux_ou_scolaires | BY64: Restaurants_scolaires - 1 repas par jour, 5 jours sur 7 | CB64: Restaurants_scolaires - 3 repas par jour, 5 jours sur 7 | CE64: =Enumération!BB39 -> Etablissements_sportifs_privés
D65: =VLOOKUP(D5,D6:H33,4,FALSE) -> 3 | E65: =Calcul_bbio!E36 -> <400m | F65: =Calcul_bbio!F36 -> 400m-800m | G65: =Calcul_bbio!G36 -> >800m | H65: =E65 -> <400m | I65: =F65 -> 400m-800m | J65: =G65 -> >800m | K65: =H65 -> <400m | L65: =I65 -> 400m-800m | M65: =J65 -> >800m | N65: =K65 -> <400m | O65: =L65 -> 400m-800m | ... CG65: =CD65 -> >800m
D66: H1a | E66: 0.1 | F66: 0.4 | G66: 0.75 | H66: 0.05 | I66: 0.35 | J66: 0.55 | K66: 0.05 | L66: 0.2 | M66: 0.35 | N66: 0.05 | O66: 0.3 | P66: 0.6 | Q66: 0.1 | R66: 0.25 | S66: 0.5 | T66: 0.05 | U66: 0.1 | V66: 0.2 | W66: 0.1 | X66: 0.2 | Y66: 0.35 | Z66: 0.1 | AA66: 0.2 | AB66: 0.35 | AC66: 0.05 | AD66: 0.1 | AE66: 0.2 | AF66: 0.05 | AG66: 0.1 | AH66: 0.2 | AI66: 0.1 | AJ66: 0.25 | AK66: 0.45 | AL66: 0 | AM66: 0.1 | AN66: 0.2 | AO66: 0.1 | AP66: 0.25 | AQ66: 0.4 | AR66: 0.05 | AS66: 0.1 | AT66: 0.15 | AU66: 0.05 | AV66: 0.15 | AW66: 0.3 | AX66: 0 | AY66: 0 | AZ66: 0.05 | BA66: 0.05 | BB66: 0.15 | BC66: 0.3 | BD66: 0.1 | BE66: 0.25 | BF66: 0.4 | BG66: 0.05 | BH66: 0.05 | BI66: 0.1 | BJ66: 0.05 | BK66: 0.15 | BL66: 0.3 | BM66: -0.05 | BN66: -0.05 | BO66: 0.05 | BP66: 0.05 | BQ66: 0.05 | BR66: 0.1 | BS66: 0.05 | BT66: 0.15 | BU66: 0.25 | BV66: 0 | BW66: 0.05 | BX66: 0.1 | BY66: 0.1 | BZ66: 0.25 | CA66: 0.45 | CB66: 0.05 | CC66: 0.2 | CD66: 0.3 | CE66: 0 | CF66: 0 | CG66: 0.05
D67: H1b | E67: 0.15 | F67: 0.5 | G67: 0.85 | H67: 0.05 | I67: 0.4 | J67: 0.65 | K67: 0.1 | L67: 0.25 | M67: 0.4 | N67: 0.15 | O67: 0.3 | P67: 0.6 | Q67: 0.15 | R67: 0.3 | S67: 0.45 | T67: 0.1 | U67: 0.15 | V67: 0.2 | W67: 0.1 | X67: 0.25 | Y67: 0.35 | Z67: 0.1 | AA67: 0.25 | AB67: 0.35 | AC67: 0.1 | AD67: 0.15 | AE67: 0.2 | AF67: 0.1 | AG67: 0.15 | AH67: 0.25 | AI67: 0.1 | AJ67: 0.25 | AK67: 0.4 | AL67: 0.05 | AM67: 0.1 | AN67: 0.2 | AO67: 0.1 | AP67: 0.25 | AQ67: 0.4 | AR67: 0.1 | AS67: 0.1 | AT67: 0.2 | AU67: 0.1 | AV67: 0.2 | AW67: 0.3 | AX67: 0.05 | AY67: 0.1 | AZ67: 0.1 | BA67: 0.1 | BB67: 0.15 | BC67: 0.3 | BD67: 0.1 | BE67: 0.25 | BF67: 0.4 | BG67: 0.05 | BH67: 0.1 | BI67: 0.15 | BJ67: 0.1 | BK67: 0.15 | BL67: 0.35 | BM67: 0 | BN67: 0 | BO67: 0.1 | BP67: 0.05 | BQ67: 0.05 | BR67: 0.15 | BS67: 0.1 | BT67: 0.15 | BU67: 0.3 | BV67: 0.1 | BW67: 0.1 | BX67: 0.15 | BY67: 0.1 | BZ67: 0.25 | CA67: 0.45 | CB67: 0.1 | CC67: 0.2 | CD67: 0.35 | CE67: 0.1 | CF67: 0.05 | CG67: 0.1
D68: H1c | E68: 0.1 | F68: 0.4 | G68: 0.75 | H68: 0.05 | I68: 0.35 | J68: 0.55 | K68: 0.1 | L68: 0.2 | M68: 0.35 | N68: 0.1 | O68: 0.3 | P68: 0.6 | Q68: 0.1 | R68: 0.2 | S68: 0.4 | T68: 0.1 | U68: 0.15 | V68: 0.2 | W68: 0.1 | X68: 0.2 | Y68: 0.35 | Z68: 0.1 | AA68: 0.2 | AB68: 0.35 | AC68: 0.1 | AD68: 0.15 | AE68: 0.2 | AF68: 0.1 | AG68: 0.15 | AH68: 0.2 | AI68: 0.1 | AJ68: 0.25 | AK68: 0.4 | AL68: 0.1 | AM68: 0.1 | AN68: 0.15 | AO68: 0.05 | AP68: 0.2 | AQ68: 0.35 | AR68: 0.05 | AS68: 0.1 | AT68: 0.15 | AU68: 0.1 | AV68: 0.15 | AW68: 0.25 | AX68: 0.1 | AY68: 0.1 | AZ68: 0.1 | BA68: 0.05 | BB68: 0.15 | BC68: 0.3 | BD68: 0.05 | BE68: 0.2 | BF68: 0.35 | BG68: 0.1 | BH68: 0.1 | BI68: 0.15 | BJ68: 0.1 | BK68: 0.15 | BL68: 0.3 | BM68: 0.05 | BN68: 0.05 | BO68: -0.05 | BP68: 0.1 | BQ68: 0.1 | BR68: 0.15 | BS68: 0.1 | BT68: 0.2 | BU68: 0.3 | BV68: 0.1 | BW68: 0.05 | BX68: 0.1 | BY68: 0.05 | BZ68: 0.2 | CA68: 0.4 | CB68: 0.05 | CC68: 0.15 | CD68: 0.3 | CE68: 0.05 | CF68: 0.05 | CG68: 0.05
D69: H2a | E69: -0.05 | F69: 0.15 | G69: 0.55 | H69: -0.1 | I69: 0.2 | J69: 0.45 | K69: 0 | L69: 0.15 | M69: 0.35 | N69: -0.05 | O69: 0.15 | P69: 0.45 | Q69: -0.05 | R69: 0.1 | S69: 0.35 | T69: -0.05 | U69: 0 | V69: 0.1 | W69: 0 | X69: 0.1 | Y69: 0.25 | Z69: 0 | AA69: 0.1 | AB69: 0.25 | AC69: -0.05 | AD69: 0 | AE69: 0.1 | AF69: 0 | AG69: 0.05 | AH69: 0.15 | AI69: 0 | AJ69: 0.2 | AK69: 0.35 | AL69: -0.05 | AM69: 0 | AN69: 0.1 | AO69: 0 | AP69: 0.15 | AQ69: 0.35 | AR69: -0.05 | AS69: 0.05 | AT69: 0.1 | AU69: -0.05 | AV69: 0.1 | AW69: 0.2 | AX69: -0.05 | AY69: -0.05 | AZ69: 0 | BA69: 0 | BB69: 0.1 | BC69: 0.25 | BD69: 0 | BE69: 0.15 | BF69: 0.3 | BG69: 0 | BH69: 0.05 | BI69: 0.1 | BJ69: -0.05 | BK69: 0.1 | BL69: 0.25 | BM69: -0.05 | BN69: -0.1 | BO69: 0 | BP69: -0.05 | BQ69: 0 | BR69: 0.05 | BS69: -0.05 | BT69: 0.05 | BU69: 0.2 | BV69: -0.1 | BW69: -0.05 | BX69: 0.05 | BY69: 0 | BZ69: 0.2 | CA69: 0.35 | CB69: 0 | CC69: 0.1 | CD69: 0.25 | CE69: -0.1 | CF69: -0.05 | CG69: 0
D70: H2b | E70: 0 | F70: 0.3 | G70: 0.6 | H70: 0 | I70: 0.2 | J70: 0.5 | K70: 0 | L70: 0.15 | M70: 0.3 | N70: 0 | O70: 0.2 | P70: 0.5 | Q70: 0 | R70: 0.15 | S70: 0.35 | T70: 0 | U70: 0.05 | V70: 0.1 | W70: 0 | X70: 0.15 | Y70: 0.25 | Z70: 0 | AA70: 0.15 | AB70: 0.25 | AC70: 0 | AD70: 0.05 | AE70: 0.15 | AF70: 0 | AG70: 0.05 | AH70: 0.15 | AI70: 0 | AJ70: 0.2 | AK70: 0.35 | AL70: 0 | AM70: 0.05 | AN70: 0.15 | AO70: 0 | AP70: 0.2 | AQ70: 0.35 | AR70: 0 | AS70: 0.05 | AT70: 0.15 | AU70: 0 | AV70: 0.1 | AW70: 0.25 | AX70: 0 | AY70: 0.05 | AZ70: 0.05 | BA70: 0 | BB70: 0.15 | BC70: 0.25 | BD70: 0 | BE70: 0.15 | BF70: 0.35 | BG70: 0 | BH70: 0.05 | BI70: 0.1 | BJ70: 0 | BK70: 0.1 | BL70: 0.25 | BM70: 0 | BN70: 0.1 | BO70: 0.05 | BP70: 0 | BQ70: 0.05 | BR70: 0.1 | BS70: 0 | BT70: 0.1 | BU70: 0.2 | BV70: 0 | BW70: 0 | BX70: 0.1 | BY70: 0 | BZ70: 0.2 | CA70: 0.4 | CB70: 0 | CC70: 0.15 | CD70: 0.25 | CE70: 0 | CF70: 0 | CG70: 0.05
D71: H2c | E71: -0.1 | F71: 0.05 | G71: 0.35 | H71: -0.15 | I71: 0.05 | J71: 0.3 | K71: 0 | L71: 0.05 | M71: 0.2 | N71: -0.05 | O71: 0.1 | P71: 0.35 | Q71: -0.05 | R71: 0.05 | S71: 0.2 | T71: 0 | U71: 0 | V71: 0.1 | W71: 0 | X71: 0.1 | Y71: 0.2 | Z71: 0 | AA71: 0.1 | AB71: 0.2 | AC71: 0.05 | AD71: 0.05 | AE71: 0.1 | AF71: 0 | AG71: 0.05 | AH71: 0.1 | AI71: -0.05 | AJ71: 0.1 | AK71: 0.25 | AL71: 0.05 | AM71: 0.05 | AN71: 0.1 | AO71: -0.05 | AP71: 0.05 | AQ71: 0.2 | AR71: 0 | AS71: 0.05 | AT71: 0.05 | AU71: 0 | AV71: 0.05 | AW71: 0.15 | AX71: 0.05 | AY71: 0.05 | AZ71: 0.05 | BA71: -0.05 | BB71: 0.05 | BC71: 0.15 | BD71: -0.05 | BE71: 0.1 | BF71: 0.2 | BG71: 0.05 | BH71: 0.05 | BI71: 0.1 | BJ71: -0.05 | BK71: 0.05 | BL71: 0.15 | BM71: 0 | BN71: 0.2 | BO71: 0.15 | BP71: 0.05 | BQ71: 0.05 | BR71: 0.05 | BS71: 0 | BT71: 0.05 | BU71: 0.1 | BV71: 0 | BW71: -0.05 | BX71: 0 | BY71: -0.05 | BZ71: 0.1 | CA71: 0.25 | CB71: 0 | CC71: 0.05 | CD71: 0.2 | CE71: 0.05 | CF71: -0.05 | CG71: 0
D72: H2d | E72: -0.1 | F72: 0 | G72: 0.25 | H72: -0.1 | I72: 0.05 | J72: 0.3 | K72: 0.15 | L72: 0.1 | M72: 0.25 | N72: 0.4 | O72: 0.3 | P72: 0.35 | Q72: 0.15 | R72: 0.1 | S72: 0.2 | T72: 0.2 | U72: 0.1 | V72: 0.1 | W72: 0.05 | X72: 0.15 | Y72: 0.25 | Z72: 0.05 | AA72: 0.15 | AB72: 0.25 | AC72: 0.15 | AD72: 0.15 | AE72: 0.15 | AF72: 0.1 | AG72: 0.1 | AH72: 0.15 | AI72: 0.05 | AJ72: 0.1 | AK72: 0.25 | AL72: 0.2 | AM72: 0.15 | AN72: 0.15 | AO72: 0.05 | AP72: 0.1 | AQ72: 0.2 | AR72: 0.15 | AS72: 0.1 | AT72: 0.1 | AU72: 0.1 | AV72: 0.1 | AW72: 0.15 | AX72: 0.2 | AY72: 0.15 | AZ72: 0.1 | BA72: 0 | BB72: 0.05 | BC72: 0.15 | BD72: 0 | BE72: 0.1 | BF72: 0.25 | BG72: 0.1 | BH72: 0.1 | BI72: 0.1 | BJ72: 0.1 | BK72: 0.15 | BL72: 0.2 | BM72: 0.1 | BN72: 0.25 | BO72: 0.15 | BP72: 0.15 | BQ72: 0.1 | BR72: 0.1 | BS72: 0.2 | BT72: 0.15 | BU72: 0.2 | BV72: 0.4 | BW72: 0.2 | BX72: 0.1 | BY72: -0.05 | BZ72: 0.05 | CA72: 0.2 | CB72: 0 | CC72: 0.05 | CD72: 0.15 | CE72: 0.35 | CF72: 0.15 | CG72: 0.1
D73: H3 | E73: -0.15 | F73: -0.1 | G73: 0.15 | H73: -0.15 | I73: -0.1 | J73: 0.15 | K73: 0.15 | L73: -0.05 | M73: 0.1 | N73: 0.3 | O73: 0.1 | P73: 0.15 | Q73: 0.05 | R73: 0 | S73: 0.05 | T73: 0.15 | U73: 0.05 | V73: 0 | W73: 0 | X73: 0.05 | Y73: 0.1 | Z73: 0 | AA73: 0.05 | AB73: 0.1 | AC73: 0.1 | AD73: 0.1 | AE73: 0.05 | AF73: 0.1 | AG73: 0.05 | AH73: 0.05 | AI73: -0.05 | AJ73: 0 | AK73: 0.15 | AL73: 0.15 | AM73: 0.05 | AN73: 0.05 | AO73: -0.05 | AP73: 0 | AQ73: 0.05 | AR73: 0.1 | AS73: 0.05 | AT73: 0.05 | AU73: 0.05 | AV73: 0 | AW73: 0.05 | AX73: 0.2 | AY73: 0.15 | AZ73: 0.1 | BA73: -0.05 | BB73: -0.05 | BC73: 0.05 | BD73: -0.05 | BE73: -0.05 | BF73: 0.1 | BG73: 0.1 | BH73: 0.05 | BI73: 0.05 | BJ73: 0.1 | BK73: 0.1 | BL73: 0.2 | BM73: 0.1 | BN73: 0 | BO73: 0 | BP73: 0.15 | BQ73: 0.1 | BR73: 0.05 | BS73: 0.15 | BT73: 0.1 | BU73: 0.1 | BV73: 0.25 | BW73: 0.05 | BX73: 0 | BY73: -0.15 | BZ73: -0.05 | CA73: 0.1 | CB73: -0.05 | CC73: 0 | CD73: 0.1 | CE73: 0.25 | CF73: 0.05 | CG73: -0.05
D75: =IF(AND(usage=E64,elevation=Calcul_energie!E65,depotpc=Calcul_matiere!E4,OR(zoneclim="H2d",zoneclim="H3")),"oui","non") -> non | E75: =IFERROR(INDEX(E76:E77,MATCH(zoneclim,D76:D77,0),1),"")
D76: H2d | E76: -0.15
D77: H3 | E77: -0.2
D79: Mccombles | E79: =IF(usage=Enumération!C4,(0.4*scombles)/sref,0) -> 0 | O79: Maison indiv | T79: Log collectf
D81: Mcsurf_moy | E81: =HLOOKUP("ICI",G84:AC85,2,FALSE) -> -0.011904762 | G81: =E64 -> Maisons_individuelles_ou_accolées | H81: =G81 -> Maisons_individuelles_ou_accolées | I81: =H81 -> Maisons_individuelles_ou_accolées | J81: =H64 -> Logement_collectif | K81: =J81 -> Logement_collectif | L81: =K81 -> Logement_collectif | M81: =L81 -> Logement_collectif | N81: =Enumération!E33 -> Bureaux | O81: =Enumération!F33 -> Enseignement_primaire_ou_secondaire | P81: =Enumération!G33 -> Médiathèques_et_bibliothèques | Q81: =Enumération!H33 -> Bâtiments_universitaires_d'enseignement_et_de_recherche_et_bâtiments_d’enseignements_atypiques | R81: =Enumération!I33 -> Hôtels | S81: =Enumération!J33 -> Etablissements_d'accueil_de_la_petite_enfance | T81: =Enumération!K33 -> Restaurants | U81: =Enumération!L33 -> Commerces | ... AC81: =Enumération!T33 -> Etablissements_sportifs_privés
G82: smoylgt<100 | H82: 100<S<=150 | I82: >150 | J82: smoylgt<=40 | K82: 40<S<=80 | L82: 80<S<=120 | M82: smoylgt>120
F83: surface → | G83: =smoylgt<=100 | H83: =AND(NOT(G83),NOT(I83)) -> FALSE | I83: =smoylgt>150 -> FALSE | J83: =smoylgt<=40 -> FALSE | K83: =IF(AND(smoylgt>40,smoylgt<=80),TRUE,FALSE) -> TRUE | L83: =IF(AND(smoylgt>80,smoylgt<=120),TRUE,FALSE) -> FALSE | M83: =smoylgt>120 -> FALSE
F84: LA colonne → | G84: =IF(AND(Input_resultats!$E$4=G81,Calcul_energie!G83),"ICI","NON") -> NON | H84: =IF(AND(Input_resultats!$E$4=H81,Calcul_energie!H83),"ICI","NON") -> NON | I84: =IF(AND(Input_resultats!$E$4=I81,Calcul_energie!I83),"ICI","NON") -> NON | J84: =IF(AND(usage=J81,J83),"ICI","NON") -> NON | K84: =IF(AND(usage=K81,K83),"ICI","NON") -> ICI | L84: =IF(AND(usage=L81,L83),"ICI","NON") -> NON | M84: =IF(AND(usage=M81,M83),"ICI","NON") -> NON | N84: =IF(Input_resultats!$E$4=N81,"ICI","NON") -> NON | O84: =IF(usage=O81,"ICI","NON") -> NON | P84: =IF(usage=P81,"ICI","NON") -> NON | Q84: =IF(usage=Q81,"ICI","NON") -> NON | R84: =IF(usage=R81,"ICI","NON") -> NON | S84: =IF(usage=S81,"ICI","NON") -> NON | T84: =IF(usage=T81,"ICI","NON") -> NON | U84: =IF(usage=U81,"ICI","NON") -> NON | V84: =IF(usage=V81,"ICI","NON") -> NON | ... AC84: =IF(usage=AC81,"ICI","NON") -> NON
F85: calcul → | G85: =(49.5-(0.55*smoylgt))/cepnrmaxmoyen -> 0.20952381 | H85: =(14.5-(0.2*smoylgt))/cepnrmaxmoyen -> 0.026190476 | I85: =(-15.5)/cepnrmaxmoyen -> -0.22142857 | J85: =(45-(1*smoylgt))/cepnrmaxmoyen -> -0.26190476 | K85: =(15-(0.25*smoylgt))/cepnrmaxmoyen -> -0.011904762 | L85: =(3-(0.1*smoylgt))/cepnrmaxmoyen -> -0.047619048 | M85: =(-9)/cepnrmaxmoyen -> -0.12857143 | N85: 0 | O85: 0 | P85: 0 | Q85: 0 | R85: 0 | S85: 0 | T85: 0 | U85: 0 | V85: 0 | W85: 0 | X85: 0 | Y85: 0 | Z85: 0 | AA85: 0 | AB85: 0 | AC85: 0
D87: Mcsurf_Tot | E87: =HLOOKUP("ICI",G96:AP97,2,FALSE) -> 0 | G87: =G81 -> Maisons_individuelles_ou_accolées | H87: =Enumération!D33 -> Logement_collectif | I87: =H87 -> Logement_collectif | J87: =Enumération!E33 -> Bureaux | K87: =J87 -> Bureaux | L87: =K87 -> Bureaux | M87: =Enumération!F33 -> Enseignement_primaire_ou_secondaire | N87: =M87 -> Enseignement_primaire_ou_secondaire | O87: =P81 -> Médiathèques_et_bibliothèques | P87: =Q81 -> Bâtiments_universitaires_d'enseignement_et_de_recherche_et_bâtiments_d’enseignements_atypiques | Q87: Hôtels - 0, 1 et 2 étoiles (partie nuit) | R87: Hôtels - 3, 4 et 5 étoiles (partie nuit) | S87: Hôtels - 3, 4 et 5 étoiles (partie nuit) | T87: Hôtels - 0, 1 et 2 étoiles (partie jour) | U87: Hôtels - 3, 4 et 5 étoiles (partie jour) | V87: =S81 -> Etablissements_d'accueil_de_la_petite_enfance | W87: =T81 -> Restaurants | X87: =U81 -> Commerces | Y87: =X87 -> Commerces | Z87: =V81 -> Vestiaires seuls | AA87: =W81 -> Etablissements_sanitaires_avec_hébergement | AB87: Etablissements_de_santé - partie nuit | AC87: Etablissements_de_santé - partie jour | AD87: Etablissements_de_santé - partie jour | AE87: Etablissements_de_santé - partie jour | AF87: =Y81 -> Aérogares | AG87: Industries_ou_artisanats - 3x8h | AH87: Industries_ou_artisanats - 3x8h | AI87: Industries_ou_artisanats - 8h à 18h | AJ87: Industries_ou_artisanats - 8h à 18h | AK87: Industries_ou_artisanats - 8h à 18h | AL87: Industries_ou_artisanats - 8h à 18h | AM87: Industries_ou_artisanats - 8h à 18h | AN87: =AA81 -> Etablissements_sportifs_municipaux_ou_scolaires | AO87: =AB81 -> Restaurants_scolaires | AP87: =AC81 -> Etablissements_sportifs_privés
F88: surface → | H88: sref<=1300 | I88: sref>1300 | J88: sref<=500 | K88: 500<S<=1500 | L88: sref>1500 | M88: sref<=500 | N88: sref>500 | R88: sref<=1000 | S88: sref>1000 | X88: sref<=500 | Y88: sref>500 | AC88: sref<=2000 | AD88: 2000<S<=5000 | AE88: sref>5000 | AG88: sref<=5000 | AH88: sref>5000 | AI88: sref<=5000 | AJ88: sref<=5000 | AK88: sref<=5000 | AL88: sref<=5000 | AM88: sref>5000
F89: RCU → | AI89: rcu = oui | AJ89: rcu = oui | AK89: rcu = oui | AL89: rcu = non
F90: RCU classé→ | AI90: rcu_classe="oui" | AJ90: rcu_classe="oui" | AK90: rcu_classe="non"
F91: Dépôt PC→ | AI91: 2025 < depotPC_année <2028 | AJ91: depotPC_année >=2028
F92: surface → | H92: =sref<=1300 -> FALSE | I92: =sref>1300 -> TRUE | J92: =sref<=500 -> FALSE | K92: =AND(sref<=1500,sref>500) -> FALSE | L92: =sref>1500 -> TRUE | M92: =sref<=500 -> FALSE | N92: =sref>500 -> TRUE | R92: =sref<=1000 -> FALSE | S92: =sref>1000 -> TRUE | X92: =sref<=500 -> FALSE | Y92: =sref>500 -> TRUE | AC92: =sref<=2000 -> FALSE | AD92: =AND(sref>2000,sref<=5000) -> TRUE | AE92: =sref>5000 -> FALSE | AG92: =sref<=5000 -> TRUE | AH92: =sref>5000 -> FALSE | AI92: =sref<=5000 -> TRUE | AJ92: =sref<=5000 -> TRUE | AK92: =sref<=5000 -> TRUE | AL92: =sref<=5000 -> TRUE | AM92: =sref>5000 -> FALSE
F93: RCU → | AI93: =rcu="oui" -> FALSE | AJ93: =rcu="oui" -> FALSE | AK93: =rcu="oui" -> FALSE | AL93: =rcu="non" -> TRUE
F94: RCU classé→ | AI94: =rcu_classe="oui" -> TRUE | AJ94: =rcu_classe="oui" -> TRUE | AK94: =rcu_classe="non" -> FALSE
F95: Dépôt PC→ | AI95: =AND(depotPC_année>=2025, depotPC_année<2028) -> TRUE | AJ95: =depotPC_année >= 2028 -> FALSE
F96: LA colonne → | G96: =IF(usage=G87,"ICI","NON") -> NON | H96: =IF(AND(usage=H87,H92),"ICI","NON") -> NON | I96: =IF(AND(usage=I87,I92),"ICI","NON") -> ICI | J96: =IF(AND(usage=J87,J92),"ICI","NON") -> NON | K96: =IF(AND(usage=K87,K92),"ICI","NON") -> NON | L96: =IF(AND(usage=L87,L92),"ICI","NON") -> NON | M96: =IF(AND(usage=M87,M92),"ICI","NON") -> NON | N96: =IF(AND(usage=N87,N92),"ICI","NON") -> NON | O96: =IF(usage=O87,"ICI","NON") -> NON | P96: =IF(usage=P87,"ICI","NON") -> NON | Q96: =IF(usage_detaillé=Q87,"ICI","NON") -> NON | R96: =IF(AND(usage_detaillé=R87,R92),"ICI","NON") -> NON | S96: =IF(AND(usage_detaillé=S87,S92),"ICI","NON") -> NON | T96: =IF(usage_detaillé=T87,"ICI","NON") -> NON | U96: =IF(usage_detaillé=U87,"ICI","NON") -> NON | V96: =IF(usage=V87,"ICI","NON") -> NON | W96: =IF(usage=W87,"ICI","NON") -> NON | X96: =IF(AND(usage=X87,X92),"ICI","NON") -> NON | Y96: =IF(AND(usage=Y87,Y92),"ICI","NON") -> NON | Z96: =IF(usage=Z87,"ICI","NON") -> NON | AA96: =IF(usage=AA87,"ICI","NON") -> NON | AB96: =IF(usage_detaillé=AB87,"ICI","NON") -> NON | AC96: =IF(AND(usage_detaillé=AC87,AC92),"ICI","NON") -> NON | AD96: =IF(AND(usage_detaillé=AD87,AD92),"ICI","NON") -> NON | AE96: =IF(AND(usage_detaillé=AE87,AE92),"ICI","NON") -> NON | AF96: =IF(usage=AF87,"ICI","NON") -> NON | AG96: =IF(AND(usage_detaillé=AG87,AG92),"ICI","NON") -> NON | AH96: =IF(AND(usage_detaillé=AH87,AH92),"ICI","NON") -> NON | AI96: =IF(AND(usage_detaillé=AI87,AI92,AI93,AI94,AI95),"ICI","NON") -> NON | AJ96: =IF(AND(usage_detaillé=AJ87,AJ92,AJ93,AJ94,AJ95),"ICI","NON") -> NON | AK96: =IF(AND(usage_detaillé=AK87,AK92,AK93,AK94),"ICI","NON") -> NON | AL96: =IF(AND(usage_detaillé=AL87,AL92,AL93),"ICI","NON") -> NON | AM96: =IF(AND(usage_detaillé=AM87,AM92),"ICI","NON") -> NON | AN96: =IF(usage=AN87,"ICI","NON") -> NON | AO96: =IF(usage=AO87,"ICI","NON") -> NON | AP96: =IF(usage=AP87,"ICI","NON") -> NON
F97: calcul → | G97: 0 | H97: =(13-(0.01*sref))/cepnrmaxmoyen -> -0.35714286 | I97: 0 | J97: =(18-(0.032*sref))/cepnrmaxmoyen -> -1.48 | K97: =(6-(0.008*sref))/cepnrmaxmoyen -> -0.34857143 | L97: =(-6)/cepnrmaxmoyen -> -0.085714286 | M97: =(12.5-(0.025*sref))/cepnrmaxmoyen -> -1.1785714 | N97: 0 | O97: 0 | P97: 0 | Q97: 0 | R97: =(81-0.081*sref)/cepnrmaxmoyen -> -3.24 | S97: 0 | T97: 0 | U97: 0 | V97: 0 | W97: 0 | X97: =(113-0.226*sref)/cepnrmaxmoyen -> -10.654286 | Y97: 0 | Z97: 0 | AA97: 0 | AB97: 0 | AC97: 0 | AD97: =(49-0.026*sref)/cepnrmaxmoyen -> -0.71142857 | AE97: =-78/cepnrmaxmoyen -> -1.1142857 | AF97: 0 | AG97: =(15-0.003*sref)/cepnrmaxmoyen -> 0.051428571 | AH97: 0 | AI97: =(365-0.073*sref)/cepnrmaxmoyen -> 1.2514286 | AJ97: =(265-0.053*sref)/cepnrmaxmoyen -> 0.90857143 | AK97: =(265-0.053*sref)/cepnrmaxmoyen -> 0.90857143 | AL97: =(265-0.053*sref)/cepnrmaxmoyen -> 0.90857143 | AM97: 0 | AN97: 0 | AO97: 0 | AP97: 0
D99: Mccat | E99: {=INDEX(E102:BC109,MATCH(zoneclim,D102:D109,0),MATCH(categorie,I101:K101,0)+D101)} -> 0
E100: =Enumération!C35 -> Maisons_individuelles_ou_accolées | G100: =Enumération!E35 -> Logement_collectif | I100: =Enumération!G35 -> Bureaux | L100: =Enumération!L39 -> Enseignement_primaire_ou_secondaire | N100: =Enumération!O39 -> Médiathèques_et_bibliothèques | Q100: =Enumération!R39 -> Bâtiments_universitaires_d'enseignement_et_de_recherche_et_bâtiments_d’enseignements_atypiques | T100: =Enumération!U39 -> Hôtels | W100: =Enumération!X39 -> Etablissements_d'accueil_de_la_petite_enfance | Z100: =Enumération!AA39 -> Restaurants | AC100: =Enumération!AD39 -> Commerces | AF100: =Enumération!AG39 -> Vestiaires seuls | AI100: =Enumération!AJ39 -> Etablissements_sanitaires_avec_hébergement | AL100: =Enumération!AM39 -> Etablissements_de_santé | AO100: =Enumération!AP39 -> Aérogares | AR100: =Enumération!AS39 -> Industries_ou_artisanats | AU100: =Enumération!AV39 -> Etablissements_sportifs_municipaux_ou_scolaires | AX100: =Enumération!AY39 -> Restaurants_scolaires | BA100: =Enumération!BB39 -> Etablissements_sportifs_privés
D101: =VLOOKUP(D5,D6:I33,6,FALSE) -> 2 | E101: Catégorie 1 | F101: Catégorie 2 | G101: Catégorie 1 | H101: Catégorie 2 | I101: Catégorie 1 | J101: Catégorie 2 | K101: Catégorie 3 | L101: Catégorie 1 | M101: Catégorie 2 | N101: Catégorie 1 | O101: Catégorie 2 | P101: Catégorie 3 | Q101: Catégorie 1 | R101: Catégorie 2 | S101: Catégorie 3 | T101: Catégorie 1 | U101: Catégorie 2 | V101: Catégorie 3 | W101: Catégorie 1 | X101: Catégorie 2 | Y101: Catégorie 3 | Z101: Catégorie 1 | AA101: Catégorie 2 | AB101: Catégorie 3 | AC101: Catégorie 1 | AD101: Catégorie 2 | AE101: Catégorie 3 | AF101: Catégorie 1 | AG101: Catégorie 2 | AH101: Catégorie 3 | AI101: Catégorie 1 | AJ101: Catégorie 2 | AK101: Catégorie 3 | AL101: Catégorie 1 | AM101: Catégorie 2 | AN101: Catégorie 3 | AO101: Catégorie 1 | AP101: Catégorie 2 | AQ101: Catégorie 3 | AR101: Catégorie 1 | AS101: Catégorie 2 | AT101: Catégorie 3 | AU101: Catégorie 1 | AV101: Catégorie 2 | AW101: Catégorie 3 | AX101: Catégorie 1 | AY101: Catégorie 2 | AZ101: Catégorie 3 | BA101: Catégorie 1 | BB101: Catégorie 2 | BC101: Catégorie 3
D102: H1a | E102: 0 | F102: 0 | G102: 0 | H102: 0 | I102: 0 | J102: 0 | K102: 0 | L102: 0 | M102: 0.05 | N102: 0 | O102: 0 | P102: 0.05 | Q102: 0 | R102: 0 | S102: 0 | T102: 0 | U102: 0 | V102: 0 | W102: 0 | X102: 0 | Y102: 0 | Z102: 0 | AA102: 0 | AB102: 0 | AC102: 0 | AD102: 0 | AE102: 0.05 | AF102: 0 | AG102: 0 | AH102: 0 | AI102: 0 | AJ102: 0 | AK102: 0 | AL102: 0 | AM102: 0 | AN102: 0 | AO102: 0 | AP102: 0 | AQ102: 0 | AR102: 0 | AS102: 0 | AT102: 0 | AU102: 0 | AV102: 0 | AW102: 0 | AX102: 0 | AY102: 0 | AZ102: 0 | BA102: 0 | BB102: 0 | BC102: 0
D103: H1b | E103: 0 | F103: 0 | G103: 0 | H103: 0 | I103: 0 | J103: 0 | K103: 0 | L103: 0 | M103: 0.05 | N103: 0 | O103: 0 | P103: 0.05 | Q103: 0 | R103: 0 | S103: 0 | T103: 0 | U103: 0 | V103: 0 | W103: 0 | X103: 0 | Y103: 0.05 | Z103: 0 | AA103: 0 | AB103: 0 | AC103: 0 | AD103: 0 | AE103: 0.05 | AF103: 0 | AG103: 0 | AH103: 0 | AI103: 0 | AJ103: 0 | AK103: 0 | AL103: 0 | AM103: 0 | AN103: 0 | AO103: 0 | AP103: 0 | AQ103: 0 | AR103: 0 | AS103: 0 | AT103: 0 | AU103: 0 | AV103: 0 | AW103: 0 | AX103: 0 | AY103: 0 | AZ103: 0 | BA103: 0 | BB103: 0 | BC103: 0
D104: H1c | E104: 0 | F104: 0 | G104: 0 | H104: 0 | I104: 0 | J104: 0 | K104: 0 | L104: 0 | M104: 0.05 | N104: 0 | O104: 0 | P104: 0.05 | Q104: 0 | R104: 0 | S104: 0 | T104: 0 | U104: 0 | V104: 0 | W104: 0 | X104: 0 | Y104: 0.05 | Z104: 0 | AA104: 0 | AB104: 0 | AC104: 0 | AD104: 0 | AE104: 0.05 | AF104: 0 | AG104: 0 | AH104: 0 | AI104: 0 | AJ104: 0 | AK104: 0 | AL104: 0 | AM104: 0 | AN104: 0 | AO104: 0 | AP104: 0 | AQ104: 0 | AR104: 0 | AS104: 0 | AT104: 0 | AU104: 0 | AV104: 0 | AW104: 0 | AX104: 0 | AY104: 0 | AZ104: 0 | BA104: 0 | BB104: 0 | BC104: 0
D105: H2a | E105: 0 | F105: 0 | G105: 0 | H105: 0 | I105: 0 | J105: 0 | K105: 0 | L105: 0 | M105: 0.05 | N105: 0 | O105: 0 | P105: 0.05 | Q105: 0 | R105: 0 | S105: 0 | T105: 0 | U105: 0 | V105: 0 | W105: 0 | X105: 0 | Y105: 0 | Z105: 0 | AA105: 0 | AB105: 0 | AC105: 0 | AD105: 0 | AE105: 0.05 | AF105: 0 | AG105: 0 | AH105: 0 | AI105: 0 | AJ105: 0 | AK105: 0 | AL105: 0 | AM105: 0 | AN105: 0 | AO105: 0 | AP105: 0 | AQ105: 0 | AR105: 0 | AS105: 0 | AT105: 0 | AU105: 0 | AV105: 0 | AW105: 0 | AX105: 0 | AY105: 0 | AZ105: 0 | BA105: 0 | BB105: 0 | BC105: 0
D106: H2b | E106: 0 | F106: 0 | G106: 0 | H106: 0 | I106: 0 | J106: 0 | K106: 0 | L106: 0 | M106: 0.05 | N106: 0 | O106: 0 | P106: 0.05 | Q106: 0 | R106: 0 | S106: 0 | T106: 0 | U106: 0 | V106: 0 | W106: 0 | X106: 0 | Y106: 0.05 | Z106: 0 | AA106: 0 | AB106: 0 | AC106: 0 | AD106: 0 | AE106: 0.05 | AF106: 0 | AG106: 0 | AH106: 0 | AI106: 0 | AJ106: 0 | AK106: 0 | AL106: 0 | AM106: 0 | AN106: 0 | AO106: 0 | AP106: 0 | AQ106: 0 | AR106: 0 | AS106: 0 | AT106: 0 | AU106: 0 | AV106: 0 | AW106: 0 | AX106: 0 | AY106: 0 | AZ106: 0 | BA106: 0 | BB106: 0 | BC106: 0
D107: H2c | E107: 0 | F107: 0 | G107: 0 | H107: 0 | I107: 0 | J107: 0 | K107: 0 | L107: 0 | M107: 0.05 | N107: 0 | O107: 0 | P107: 0.1 | Q107: 0 | R107: 0 | S107: 0 | T107: 0 | U107: 0 | V107: 0 | W107: 0 | X107: 0 | Y107: 0.05 | Z107: 0 | AA107: 0 | AB107: 0 | AC107: 0 | AD107: 0 | AE107: 0.05 | AF107: 0 | AG107: 0 | AH107: 0 | AI107: 0 | AJ107: 0 | AK107: 0 | AL107: 0 | AM107: 0 | AN107: 0 | AO107: 0 | AP107: 0 | AQ107: 0 | AR107: 0 | AS107: 0 | AT107: 0 | AU107: 0 | AV107: 0 | AW107: 0 | AX107: 0 | AY107: 0 | AZ107: 0 | BA107: 0 | BB107: 0 | BC107: 0
...

Sheet Calcul_bbio
B2: Mb pour le BBIO
D3: ↓ usage détaillé ↓ | E3: Bbiomaxmoyen
B4: Les coefficients de modulation du BBIO commencent tous par « Mb ». La formule du Bbio_max est : | D4: =usage_detaillé -> Logement_collectif | E4: =VLOOKUP(D4,D5:E32,2,FALSE) -> 65
D5: =Enumération!C4 -> Maisons_individuelles_ou_accolées | E5: 63 | F5: 0 | G5: 0 | H5: =IF(OR(usage=D4,usage=D5),"logement","") -> logement
B6: Bbio_max = Bbio_maxmoyen × (1 + Mbgéo + Mbcombles + Mbsurf_moy + Mbsurf_tot + Mbbruit + MbHSP) | D6: =Enumération!C5 -> Logement_collectif | E6: 65 | F6: 3 | G6: 2
D7: =Enumération!C6 -> Bureaux | E7: 95 | F7: 6 | G7: 4
B8: Bbio_maxmoyen : valeur de l’exigence Bbio_max pour un bâtiment moyen, dépendant de l’usage du bâtiment ou de la partie de bâtiment ; | D8: =_xlfn.CONCAT(Enumération!C$7," - ",Enumération!F4) -> Enseignement_primaire_ou_secondaire - Enseignement primaire | E8: 68 | F8: 9 | G8: 7
B9: Mbgéo : coefficient de modulation selon la localisation géographique | D9: =_xlfn.CONCAT(Enumération!C$7," - ",Enumération!F5) -> Enseignement_primaire_ou_secondaire - Enseignement secondaire | E9: =E8 -> 68 | F9: 9
B10: Mbcombles : coefficient de modulation selon la surface de plancher de combles aménagés du bâtiment ou de la partie de bâtiment, pour les maisons individuelles ; | D10: =Enumération!C8 -> Médiathèques_et_bibliothèques | E10: 117 | F10: 12
B11: Mbsurf_moy : coefficient de modulation selon la surface moyenne des logements ; | D11: =Enumération!C9 -> Bâtiments_universitaires_d'enseignement_et_de_recherche_et_bâtiments_d’enseignements_atypiques | E11: 122 | F11: 15
B12: Mbsurf_tot : coefficient de modulation selon la surface de référence ; | D12: =_xlfn.CONCAT(Enumération!C$10," - ",Enumération!G4) -> Hôtels - 0, 1 et 2 étoiles (partie nuit) | E12: 76 | F12: 18
B13: Mbbruit : coefficient de modulation selon l’exposition au bruit des infrastructures de transport à proximité du bâtiment. | D13: =_xlfn.CONCAT(Enumération!C$10," - ",Enumération!G5) -> Hôtels - 3, 4 et 5 étoiles (partie nuit) | E13: 76 | F13: 21
B14: MbHSP : coefficient de modulation selon la hauteur sous plafond moyenne des étages. | D14: =_xlfn.CONCAT(Enumération!C$10," - ",Enumération!G6) -> Hôtels - 0, 1 et 2 étoiles (partie jour) | E14: 134 | F14: 24
D15: =_xlfn.CONCAT(Enumération!C$10," - ",Enumération!G7) -> Hôtels - 3, 4 et 5 étoiles (partie jour) | E15: 163 | F15: 27
D16: =Enumération!C11 -> Etablissements_d'accueil_de_la_petite_enfance | E16: 139 | F16: 30
D17: =_xlfn.CONCAT(Enumération!C$12," - ",Enumération!H4) -> Restaurants - en continu, 18 heures par jour, 7 jours sur 7 | E17: 245 | F17: 33
D18: =_xlfn.CONCAT(Enumération!C$12," - ",Enumération!H5) -> Restaurants - 1 repas par jour, 5 jours sur 7 | E18: 100 | F18: 36
D19: =_xlfn.CONCAT(Enumération!C$12," - ",Enumération!H6) -> Restaurants - 2 repas par jour, 7 jours sur 7 | E19: 206 | F19: 39
D20: =_xlfn.CONCAT(Enumération!C$12," - ",Enumération!H7) -> Restaurants - 2 repas par jour, 6 jours sur 7 | E20: 177 | F20: 42
D21: =Enumération!C13 -> Commerces | E21: 170 | F21: 45
D22: =Enumération!C14 -> Vestiaires seuls | E22: 225 | F22: 48
D23: =Enumération!C15 -> Etablissements_sanitaires_avec_hébergement | E23: 174 | F23: 51
D24: =_xlfn.CONCAT(Enumération!C$16," - ",Enumération!I4) -> Etablissements_de_santé - partie nuit | E24: 164 | F24: 54
D25: =_xlfn.CONCAT(Enumération!C$16," - ",Enumération!I5) -> Etablissements_de_santé - partie jour | E25: 133 | F25: 57
D26: =Enumération!C17 -> Aérogares | E26: 248 | F26: 60
D27: =_xlfn.CONCAT(Enumération!C$18," - ",Enumération!J4) -> Industries_ou_artisanats - 3x8h | E27: 257 | F27: 63
D28: =_xlfn.CONCAT(Enumération!C$18," - ",Enumération!J5) -> Industries_ou_artisanats - 8h à 18h | E28: 69 | F28: 66
D29: =Enumération!C19 -> Etablissements_sportifs_municipaux_ou_scolaires | E29: 94 | F29: 69
D30: =_xlfn.CONCAT(Enumération!C$20," - ",Enumération!K4) -> Restaurants_scolaires - 1 repas par jour, 5 jours sur 7 | E30: 76 | F30: 72
D31: =_xlfn.CONCAT(Enumération!C$20," - ",Enumération!K5) -> Restaurants_scolaires - 3 repas par jour, 5 jours sur 7 | E31: 116 | F31: 75
D32: =Enumération!C21 -> Etablissements_sportifs_privés | E32: =E29 -> 94 | F32: 78
D34: Mbgeo | E34: {=INDEX(E37:CG44,MATCH(zoneclim,D37:D44,0),MATCH(elevation,E36:G36,0)+D36)} -> 0.1
E35: =Enumération!C39 -> Maisons_individuelles_ou_accolées | H35: =Enumération!F39 -> Logement_collectif | K35: =Enumération!I39 -> Bureaux | N35: =Enumération!L39 -> Enseignement_primaire_ou_secondaire | Q35: =Enumération!O39 -> Médiathèques_et_bibliothèques | T35: =Enumération!R39 -> Bâtiments_universitaires_d'enseignement_et_de_recherche_et_bâtiments_d’enseignements_atypiques | W35: Hôtels - 0, 1 et 2 étoiles (partie nuit) | Z35: Hôtels - 3, 4 et 5 étoiles (partie nuit) | AC35: Hôtels - 0, 1 et 2 étoiles (partie jour) | AF35: Hôtels - 3, 4 et 5 étoiles (partie jour) | AI35: =Enumération!X39 -> Etablissements_d'accueil_de_la_petite_enfance | AL35: Restaurants - en continu, 18 heures par jour, 7 jours sur 7 | AO35: Restaurants - 1 repas par jour, 5 jours sur 7 | AR35: Restaurants - 2 repas par jour, 7 jours sur 7 | AU35: Restaurants - 2 repas par jour, 6 jours sur 7 | AX35: =Enumération!AD39 -> Commerces | BA35: =Enumération!AG39 -> Vestiaires seuls | BD35: =Enumération!AJ39 -> Etablissements_sanitaires_avec_hébergement | BG35: Etablissements_de_santé - partie nuit | BJ35: Etablissements_de_santé - partie jour | BM35: =Enumération!AP39 -> Aérogares | BP35: Industries_ou_artisanats - 3x8h | BS35: Industries_ou_artisanats - 8h à 18h | BV35: =Enumération!AV39 -> Etablissements_sportifs_municipaux_ou_scolaires | BY35: Restaurants_scolaires - 1 repas par jour, 5 jours sur 7 | CB35: Restaurants_scolaires - 3 repas par jour, 5 jours sur 7 | CE35: =Enumération!BB39 -> Etablissements_sportifs_privés
D36: =VLOOKUP(D4,Calcul_bbio!D5:F32,3,FALSE) -> 3 | E36: <400m | F36: 400m-800m | G36: >800m | H36: =E36 -> <400m | I36: =F36 -> 400m-800m | J36: =G36 -> >800m | K36: =H36 -> <400m | L36: =I36 -> 400m-800m | M36: =J36 -> >800m | N36: =K36 -> <400m | O36: =L36 -> 400m-800m | ... CG36: =CD36 -> >800m
D37: H1a | E37: 0.15 | F37: 0.4 | G37: 0.75 | H37: 0.1 | I37: 0.4 | J37: 0.8 | K37: 0.05 | L37: 0.25 | M37: 0.45 | N37: 0.1 | O37: 0.25 | P37: 0.45 | Q37: 0.05 | R37: 0.2 | S37: 0.4 | T37: 0.1 | U37: 0.3 | V37: 0.5 | W37: 0.15 | X37: 0.45 | Y37: 0.75 | Z37: 0.15 | AA37: 0.45 | AB37: 0.75 | AC37: 0.1 | AD37: 0.25 | AE37: 0.45 | AF37: 0.05 | AG37: 0.25 | AH37: 0.45 | AI37: 0.1 | AJ37: 0.25 | AK37: 0.45 | AL37: 0.05 | AM37: 0.15 | AN37: 0.3 | AO37: 0.1 | AP37: 0.3 | AQ37: 0.55 | AR37: 0.05 | AS37: 0.2 | AT37: 0.35 | AU37: 0.05 | AV37: 0.2 | AW37: 0.35 | AX37: 0.05 | AY37: 0.1 | AZ37: 0.2 | BA37: 0.05 | BB37: 0.3 | BC37: 0.55 | BD37: 0.1 | BE37: 0.25 | BF37: 0.45 | BG37: 0.05 | BH37: 0.25 | BI37: 0.45 | BJ37: 0.05 | BK37: 0.15 | BL37: 0.25 | BM37: 0.05 | BN37: 0.1 | BO37: 0.05 | BP37: 0.05 | BQ37: 0.05 | BR37: 0.1 | BS37: 0.1 | BT37: 0.2 | BU37: 0.35 | BV37: 0 | BW37: 0 | BX37: 0.05 | BY37: 0.15 | BZ37: 0.35 | CA37: 0.65 | CB37: 0.1 | CC37: 0.3 | CD37: 0.55 | CE37: 0 | CF37: 0 | CG37: 0.05
D38: H1b | E38: 0.2 | F38: 0.5 | G38: 0.85 | H38: 0.2 | I38: 0.5 | J38: 0.85 | K38: 0.1 | L38: 0.25 | M38: 0.45 | N38: 0.2 | O38: 0.3 | P38: 0.45 | Q38: 0.2 | R38: 0.3 | S38: 0.5 | T38: 0.2 | U38: 0.35 | V38: 0.6 | W38: 0.2 | X38: 0.45 | Y38: 0.8 | Z38: 0.2 | AA38: 0.45 | AB38: 0.75 | AC38: 0.15 | AD38: 0.3 | AE38: 0.55 | AF38: 0.15 | AG38: 0.3 | AH38: 0.5 | AI38: 0.15 | AJ38: 0.3 | AK38: 0.5 | AL38: 0.1 | AM38: 0.2 | AN38: 0.35 | AO38: 0.15 | AP38: 0.35 | AQ38: 0.55 | AR38: 0.1 | AS38: 0.25 | AT38: 0.4 | AU38: 0.15 | AV38: 0.25 | AW38: 0.4 | AX38: 0.1 | AY38: 0.2 | AZ38: 0.3 | BA38: 0.1 | BB38: 0.3 | BC38: 0.55 | BD38: 0.15 | BE38: 0.3 | BF38: 0.5 | BG38: 0.15 | BH38: 0.3 | BI38: 0.5 | BJ38: 0.15 | BK38: 0.2 | BL38: 0.3 | BM38: 0.1 | BN38: 0.15 | BO38: 0.15 | BP38: 0.05 | BQ38: 0.1 | BR38: 0.15 | BS38: 0.15 | BT38: 0.25 | BU38: 0.4 | BV38: 0.1 | BW38: 0.05 | BX38: 0.1 | BY38: 0.2 | BZ38: 0.4 | CA38: 0.65 | CB38: 0.15 | CC38: 0.35 | CD38: 0.55 | CE38: 0.1 | CF38: 0.05 | CG38: 0.1
D39: H1c | E39: 0.2 | F39: 0.45 | G39: 0.75 | H39: 0.15 | I39: 0.45 | J39: 0.75 | K39: 0.2 | L39: 0.2 | M39: 0.4 | N39: 0.25 | O39: 0.25 | P39: 0.4 | Q39: 0.25 | R39: 0.3 | S39: 0.4 | T39: 0.2 | U39: 0.35 | V39: 0.5 | W39: 0.2 | X39: 0.4 | Y39: 0.7 | Z39: 0.2 | AA39: 0.4 | AB39: 0.65 | AC39: 0.25 | AD39: 0.35 | AE39: 0.5 | AF39: 0.2 | AG39: 0.3 | AH39: 0.45 | AI39: 0.1 | AJ39: 0.25 | AK39: 0.4 | AL39: 0.2 | AM39: 0.25 | AN39: 0.35 | AO39: 0.2 | AP39: 0.3 | AQ39: 0.5 | AR39: 0.15 | AS39: 0.25 | AT39: 0.35 | AU39: 0.15 | AV39: 0.25 | AW39: 0.35 | AX39: 0.15 | AY39: 0.2 | AZ39: 0.25 | BA39: 0.1 | BB39: 0.25 | BC39: 0.5 | BD39: 0.15 | BE39: 0.25 | BF39: 0.45 | BG39: 0.2 | BH39: 0.3 | BI39: 0.45 | BJ39: 0.2 | BK39: 0.2 | BL39: 0.25 | BM39: 0.15 | BN39: 0.2 | BO39: -0.05 | BP39: 0.1 | BQ39: 0.1 | BR39: 0.15 | BS39: 0.25 | BT39: 0.3 | BU39: 0.45 | BV39: 0.25 | BW39: 0.15 | BX39: 0.15 | BY39: 0.15 | BZ39: 0.35 | CA39: 0.6 | CB39: 0.15 | CC39: 0.3 | CD39: 0.5 | CE39: 0.25 | CF39: 0.15 | CG39: 0.15
D40: H2a | E40: -0.05 | F40: 0.15 | G40: 0.55 | H40: -0.1 | I40: 0.2 | J40: 0.6 | K40: -0.05 | L40: 0.2 | M40: 0.4 | N40: -0.1 | O40: 0.05 | P40: 0.3 | Q40: -0.1 | R40: 0 | S40: 0.15 | T40: -0.05 | U40: 0.1 | V40: 0.3 | W40: 0 | X40: 0.25 | Y40: 0.6 | Z40: 0 | AA40: 0.25 | AB40: 0.6 | AC40: -0.1 | AD40: 0.05 | AE40: 0.3 | AF40: -0.1 | AG40: 0.1 | AH40: 0.3 | AI40: 0 | AJ40: 0.15 | AK40: 0.4 | AL40: -0.05 | AM40: 0.05 | AN40: 0.2 | AO40: 0 | AP40: 0.2 | AQ40: 0.45 | AR40: -0.05 | AS40: 0.1 | AT40: 0.25 | AU40: -0.05 | AV40: 0.05 | AW40: 0.25 | AX40: -0.05 | AY40: 0 | AZ40: 0.15 | BA40: -0.05 | BB40: 0.2 | BC40: 0.45 | BD40: -0.05 | BE40: 0.15 | BF40: 0.3 | BG40: -0.05 | BH40: 0.15 | BI40: 0.35 | BJ40: -0.05 | BK40: 0.05 | BL40: 0.15 | BM40: -0.05 | BN40: 0 | BO40: 0 | BP40: -0.05 | BQ40: 0 | BR40: 0.05 | BS40: -0.05 | BT40: 0.05 | BU40: 0.2 | BV40: -0.15 | BW40: -0.15 | BX40: -0.05 | BY40: -0.05 | BZ40: 0.2 | CA40: 0.5 | CB40: -0.05 | CC40: 0.15 | CD40: 0.45 | CE40: -0.15 | CF40: -0.15 | CG40: -0.05
D41: H2b | E41: 0 | F41: 0.3 | G41: 0.65 | H41: 0 | I41: 0.3 | J41: 0.65 | K41: 0 | L41: 0.2 | M41: 0.35 | N41: 0 | O41: 0.1 | P41: 0.35 | Q41: 0 | R41: 0.1 | S41: 0.3 | T41: 0 | U41: 0.2 | V41: 0.4 | W41: 0 | X41: 0.3 | Y41: 0.6 | Z41: 0 | AA41: 0.3 | AB41: 0.6 | AC41: 0 | AD41: 0.15 | AE41: 0.35 | AF41: 0 | AG41: 0.15 | AH41: 0.35 | AI41: 0 | AJ41: 0.2 | AK41: 0.4 | AL41: 0 | AM41: 0.1 | AN41: 0.25 | AO41: 0 | AP41: 0.2 | AQ41: 0.45 | AR41: 0 | AS41: 0.15 | AT41: 0.3 | AU41: 0 | AV41: 0.15 | AW41: 0.3 | AX41: 0 | AY41: 0.1 | AZ41: 0.2 | BA41: 0 | BB41: 0.25 | BC41: 0.5 | BD41: 0 | BE41: 0.15 | BF41: 0.35 | BG41: 0 | BH41: 0.2 | BI41: 0.4 | BJ41: 0 | BK41: 0.05 | BL41: 0.2 | BM41: 0 | BN41: 0.1 | BO41: 0.1 | BP41: 0 | BQ41: 0.05 | BR41: 0.1 | BS41: 0 | BT41: 0.1 | BU41: 0.25 | BV41: 0 | BW41: -0.05 | BX41: 0 | BY41: 0 | BZ41: 0.25 | CA41: 0.55 | CB41: 0 | CC41: 0.2 | CD41: 0.45 | CE41: 0 | CF41: -0.05 | CG41: 0
D42: H2c | E42: -0.1 | F42: 0.05 | G42: 0.35 | H42: -0.1 | I42: 0.1 | J42: 0.4 | K42: 0.1 | L42: 0.1 | M42: 0.25 | N42: 0.05 | O42: 0 | P42: 0.2 | Q42: 0 | R42: 0 | S42: 0.1 | T42: 0 | U42: 0.05 | V42: 0.2 | W42: -0.1 | X42: 0.15 | Y42: 0.4 | Z42: -0.1 | AA42: 0.15 | AB42: 0.4 | AC42: 0 | AD42: 0.05 | AE42: 0.2 | AF42: -0.05 | AG42: 0.05 | AH42: 0.2 | AI42: -0.1 | AJ42: 0.05 | AK42: 0.25 | AL42: 0.05 | AM42: 0.05 | AN42: 0.15 | AO42: -0.05 | AP42: 0.05 | AQ42: 0.25 | AR42: 0 | AS42: 0.05 | AT42: 0.15 | AU42: 0 | AV42: 0.05 | AW42: 0.15 | AX42: 0.05 | AY42: 0 | AZ42: 0.1 | BA42: -0.1 | BB42: 0.05 | BC42: 0.3 | BD42: -0.05 | BE42: 0.1 | BF42: 0.25 | BG42: 0 | BH42: 0.1 | BI42: 0.25 | BJ42: 0 | BK42: 0 | BL42: 0.1 | BM42: 0.05 | BN42: 0.05 | BO42: 0.25 | BP42: 0.05 | BQ42: 0.05 | BR42: 0.05 | BS42: 0.05 | BT42: 0.05 | BU42: 0.15 | BV42: 0.1 | BW42: -0.05 | BX42: -0.05 | BY42: -0.05 | BZ42: 0.1 | CA42: 0.35 | CB42: -0.05 | CC42: 0.1 | CD42: 0.3 | CE42: 0.1 | CF42: -0.05 | CG42: -0.05
D43: H2d | E43: 0.05 | F43: 0.1 | G43: 0.25 | H43: 0 | I43: 0.2 | J43: 0.4 | K43: 0.3 | L43: 0.1 | M43: 0.3 | N43: 0.5 | O43: 0.35 | P43: 0.3 | Q43: 0.3 | R43: 0.25 | S43: 0.25 | T43: 0.2 | U43: 0.25 | V43: 0.25 | W43: 0 | X43: 0.15 | Y43: 0.4 | Z43: 0 | AA43: 0.15 | AB43: 0.4 | AC43: 0.35 | AD43: 0.3 | AE43: 0.35 | AF43: 0.25 | AG43: 0.25 | AH43: 0.3 | AI43: 0.1 | AJ43: 0.1 | AK43: 0.25 | AL43: 0.25 | AM43: 0.25 | AN43: 0.3 | AO43: 0.2 | AP43: 0.2 | AQ43: 0.3 | AR43: 0.15 | AS43: 0.2 | AT43: 0.25 | AU43: 0.2 | AV43: 0.2 | AW43: 0.3 | AX43: 0.3 | AY43: 0.25 | AZ43: 0.25 | BA43: 0 | BB43: 0.1 | BC43: 0.25 | BD43: 0.05 | BE43: 0.1 | BF43: 0.2 | BG43: 0.2 | BH43: 0.25 | BI43: 0.35 | BJ43: 0.25 | BK43: 0.2 | BL43: 0.15 | BM43: 0.2 | BN43: 0.2 | BO43: 0.25 | BP43: 0.25 | BQ43: 0.2 | BR43: 0.2 | BS43: 0.4 | BT43: 0.4 | BU43: 0.35 | BV43: 0.55 | BW43: 0.4 | BX43: 0.25 | BY43: 0.1 | BZ43: 0.2 | CA43: 0.35 | CB43: 0.1 | CC43: 0.2 | CD43: 0.35 | CE43: 0.55 | CF43: 0.4 | CG43: 0.25
D44: H3 | E44: -0.1 | F44: -0.05 | G44: 0.1 | H44: -0.1 | I44: -0.05 | J44: 0.15 | K44: 0.25 | L44: -0.05 | M44: 0.1 | N44: 0.5 | O44: 0.25 | P44: 0.2 | Q44: 0.2 | R44: 0.15 | S44: 0.15 | T44: 0.2 | U44: 0.15 | V44: 0.15 | W44: -0.15 | X44: -0.05 | Y44: 0.15 | Z44: -0.15 | AA44: -0.05 | AB44: 0.15 | AC44: 0.25 | AD44: 0.15 | AE44: 0.15 | AF44: 0.1 | AG44: 0.1 | AH44: 0.15 | AI44: 0 | AJ44: 0.05 | AK44: 0.15 | AL44: 0.15 | AM44: 0.15 | AN44: 0.15 | AO44: 0.1 | AP44: 0.15 | AQ44: 0.2 | AR44: 0.1 | AS44: 0.1 | AT44: 0.15 | AU44: 0.1 | AV44: 0.15 | AW44: 0.2 | AX44: 0.25 | AY44: 0.2 | AZ44: 0.2 | BA44: -0.1 | BB44: 0 | BC44: 0.15 | BD44: -0.05 | BE44: -0.05 | BF44: 0.05 | BG44: 0.1 | BH44: 0.1 | BI44: 0.2 | BJ44: 0.2 | BK44: 0.1 | BL44: 0.1 | BM44: 0.2 | BN44: 0.15 | BO44: 0.05 | BP44: 0.25 | BQ44: 0.15 | BR44: 0.1 | BS44: 0.35 | BT44: 0.3 | BU44: 0.25 | BV44: 0.55 | BW44: 0.3 | BX44: 0.15 | BY44: 0.1 | BZ44: 0.1 | CA44: 0.25 | CB44: 0.1 | CC44: 0.1 | CD44: 0.2 | CE44: 0.55 | CF44: 0.3 | CG44: 0.15
D46: Mbcombles | E46: =IF(usage=D5,(0.4*scombles)/sref,0) -> 0 | O46: Maison indiv | T46: Log collectf
D48: Mbsurf_moy | E48: =HLOOKUP("ICI",G51:M52,2,FALSE) -> 0.0051282051 | G48: =D5 -> Maisons_individuelles_ou_accolées | H48: =G48 -> Maisons_individuelles_ou_accolées | I48: =H48 -> Maisons_individuelles_ou_accolées | J48: =H35 -> Logement_collectif | K48: =J48 -> Logement_collectif | L48: =K48 -> Logement_collectif | M48: AUTRES
G49: smoylgt<100 | H49: 100<S<=150 | I49: >150 | J49: smoylgt<80 | K49: 80<S<=120 | L49: >120
F50: surface → | G50: =smoylgt<=100 | H50: =AND(NOT(G50),NOT(I50)) -> FALSE | I50: =smoylgt>150 -> FALSE | J50: =smoylgt<=80 | K50: =AND(NOT(J50),NOT(L50)) -> FALSE | L50: =smoylgt>120
F51: LA colonne → | G51: =IF(AND(Input_resultats!$E$4=G48,Calcul_bbio!G50),"ICI","NON") -> NON | H51: =IF(AND(Input_resultats!$E$4=H48,Calcul_bbio!H50),"ICI","NON") -> NON | I51: =IF(AND(Input_resultats!$E$4=I48,Calcul_bbio!I50),"ICI","NON") -> NON | J51: =IF(AND(Input_resultats!$E$4=J48,Calcul_bbio!J50),"ICI","NON") -> ICI | K51: =IF(AND(Input_resultats!$E$4=K48,Calcul_bbio!K50),"ICI","NON") -> NON | L51: =IF(AND(Input_resultats!$E$4=L48,Calcul_bbio!L50),"ICI","NON") -> NON | M51: =IF(ISNUMBER(MATCH("ICI",G51:L51,0)),"NON","ICI") -> NON
F52: calcul → | G52: =(49-(0.49*smoylgt))/bbiomaxmoyen -> 0.27641026 | H52: =(18-(0.18*smoylgt))/bbiomaxmoyen -> 0.10153846 | I52: =(-9)/bbiomaxmoyen -> -0.13846154 | J52: =(-6+(0.1*smoylgt))/bbiomaxmoyen -> 0.0051282051 | K52: =(-2+(0.05*smoylgt))/bbiomaxmoyen -> 0.017948718 | L52: =(4)/bbiomaxmoyen -> 0.061538462 | M52: 0
D54: Mbsurf_Tot | E54: =HLOOKUP("ICI",G58:AJ59,2,FALSE) -> 0 | G54: =G48 -> Maisons_individuelles_ou_accolées | H54: =J48 -> Logement_collectif | I54: =H54 -> Logement_collectif | J54: =K35 -> Bureaux | K54: =J54 -> Bureaux | L54: =K54 -> Bureaux | M54: =L54 -> Bureaux | N54: =M54 -> Bureaux | O54: =N54 -> Bureaux | P54: =O54 -> Bureaux | Q54: =P54 -> Bureaux | R54: =Q54 -> Bureaux | ... U54: =T54 -> Bureaux | V54: =D8 -> Enseignement_primaire_ou_secondaire - Enseignement primaire | W54: =V54 -> Enseignement_primaire_ou_secondaire - Enseignement primaire | X54: =W54 -> Enseignement_primaire_ou_secondaire - Enseignement primaire | Y54: =D9 -> Enseignement_primaire_ou_secondaire - Enseignement secondaire | Z54: =Y54 -> Enseignement_primaire_ou_secondaire - Enseignement secondaire | AA54: =Z54 -> Enseignement_primaire_ou_secondaire - Enseignement secondaire | AB54: =Enumération!C13 -> Commerces | AC54: =AB54 -> Commerces | AD54: =D25 -> Etablissements_de_santé - partie jour | AE54: =AD54 -> Etablissements_de_santé - partie jour | AF54: =D27 -> Industries_ou_artisanats - 3x8h | AG54: =AF54 -> Industries_ou_artisanats - 3x8h | AH54: =D28 -> Industries_ou_artisanats - 8h à 18h | AI54: =AH54 -> Industries_ou_artisanats - 8h à 18h | AJ54: AUTRE
E55: 2028 et plus | F55: date → | J55: =Calcul_matiere!E4 -> 2022 à 2024 | K55: =J55 -> 2022 à 2024 | L55: =K55 -> 2022 à 2024 | M55: =L55 -> 2022 à 2024 | N55: =Calcul_matiere!F4 -> 2025 à 2027 | O55: =N55 -> 2025 à 2027 | P55: =O55 -> 2025 à 2027 | Q55: =P55 -> 2025 à 2027 | R55: =E55 -> 2028 et plus | S55: =R55 -> 2028 et plus | T55: =S55 -> 2028 et plus | U55: =T55 -> 2028 et plus
D56: ↓ date PC adaptée ↓ | F56: surface → | H56: sref<=1300 | I56: sref>1300 | J56: sref<=500 | K56: 500<S<=4000 | L56: 4000<S<=10000 | M56: sref>10000 | N56: sref<=500 | O56: 500<S<=4000 | P56: 4000<S<=10000 | Q56: sref>10000 | R56: sref<=500 | S56: 500<S<=4000 | T56: 4000<S<=10000 | U56: sref>10000 | V56: sref<=500 | W56: 500<S<=1000 | X56: Sref>1000 | Y56: sref<=500 | Z56: 500<S<=1000 | AA56: Sref>1000 | AB56: sref<=500 | AC56: sref>500 | AD56: sref<=2000 | AE56: sref>2000 | AF56: sref<=5000 | AG56: sref>5000 | AH56: sref<=5000 | AI56: sref>5000
D57: =IF(OR(depotpc="2028 à 2030",depotpc="à partir de 2031"),E55,depotpc) -> 2025 à 2027 | F57: surface → | H57: =sref<=1300 -> FALSE | I57: =sref>1300 -> TRUE | J57: =sref<=500 -> FALSE | K57: =IF(AND(sref<=4000,sref>500),TRUE,FALSE) -> TRUE | L57: =IF(AND(sref<=10000,sref>4000),TRUE,FALSE) -> FALSE | M57: =sref>10000 -> FALSE | N57: =sref<=500 -> FALSE | O57: =IF(AND(sref<=4000,sref>500),TRUE,FALSE) -> TRUE | P57: =IF(AND(sref<=10000,sref>4000),TRUE,FALSE) -> FALSE | Q57: =sref>10000 -> FALSE | R57: =sref<=500 -> FALSE | S57: =IF(AND(sref<=4000,sref>500),TRUE,FALSE) -> TRUE | T57: =IF(AND(sref<=10000,sref>4000),TRUE,FALSE) -> FALSE | U57: =sref>10000 -> FALSE | V57: =sref<=500 -> FALSE | W57: =IF(AND(sref<=1000,sref>500),TRUE,FALSE) -> FALSE | X57: =sref>1000 -> TRUE | Y57: =sref<=500 -> FALSE | Z57: =IF(AND(sref<=1000,sref>500),TRUE,FALSE) -> FALSE | AA57: =sref>1000 -> TRUE | AB57: =sref<=500 -> FALSE | AC57: =sref>500 -> TRUE | AD57: =sref<=2000 -> FALSE | AE57: =sref>2000 -> TRUE | AF57: =sref<=5000 -> TRUE | AG57: =sref>5000 -> FALSE | AH57: =sref<=5000 -> TRUE | AI57: =sref>5000 -> FALSE
F58: LA colonne → | G58: =IF(usage=G54,"ICI","NON") -> NON | H58: =IF(AND(usage=H54,H57),"ICI","NON") -> NON | I58: =IF(AND(usage=I54,I57),"ICI","NON") -> ICI | J58: =IF(AND(usage=J54,J57,$D$57=J55),"ICI","NON") -> NON | K58: =IF(AND(usage=K54,K57,$D$57=K55),"ICI","NON") -> NON | L58: =IF(AND(usage=L54,L57,$D$57=L55),"ICI","NON") -> NON | M58: =IF(AND(usage=M54,M57,$D$57=M55),"ICI","NON") -> NON | N58: =IF(AND(usage=N54,N57,$D$57=N55),"ICI","NON") -> NON | O58: =IF(AND(usage=O54,O57,$D$57=O55),"ICI","NON") -> NON | P58: =IF(AND(usage=P54,P57,$D$57=P55),"ICI","NON") -> NON | Q58: =IF(AND(usage=Q54,Q57,$D$57=Q55),"ICI","NON") -> NON | ... U58: =IF(AND(usage=U54,U57,$D$57=U55),"ICI","NON") -> NON | V58: =IF(AND(usage_detaillé=V54,V57),"ICI","NON") -> NON | W58: =IF(AND(usage_detaillé=W54,W57),"ICI","NON") -> NON | X58: =IF(AND(usage_detaillé=X54,X57),"ICI","NON") -> NON | Y58: =IF(AND(usage_detaillé=Y54,Y57),"ICI","NON") -> NON | Z58: =IF(AND(usage_detaillé=Z54,Z57),"ICI","NON") -> NON | AA58: =IF(AND(usage_detaillé=AA54,AA57),"ICI","NON") -> NON | AB58: =IF(AND(usage=AB54,AB57),"ICI","NON") -> NON | AC58: =IF(AND(usage=AC54,AC57),"ICI","NON") -> NON | AD58: =IF(AND(usage_detaillé=AD54,AD57),"ICI","NON") -> NON | AE58: =IF(AND(usage_detaillé=AE54,AE57),"ICI","NON") -> NON | AF58: =IF(AND(usage_detaillé=AF54,AF57),"ICI","NON") -> NON | AG58: =IF(AND(usage_detaillé=AG54,AG57),"ICI","NON") -> NON | AH58: =IF(AND(usage_detaillé=AH54,AH57),"ICI","NON") -> NON | AI58: =IF(AND(usage_detaillé=AI54,AI57),"ICI","NON") -> NON | AJ58: =IF(ISNUMBER(MATCH("ICI",G58:AI58,0)),"NON","ICI") -> NON
F59: calcul → | G59: 0 | H59: =(19.5-(0.015*sref))/bbiomaxmoyen -> -0.57692308 | I59: 0 | J59: =(24-(0.06*sref))/bbiomaxmoyen -> -3.1384615 | K59: =(-5.55-(0.0009*sref))/bbiomaxmoyen -> -0.138 | L59: =(-5.55-(0.0009*sref))/bbiomaxmoyen -> -0.138 | M59: =(-14.55)/bbiomaxmoyen -> -0.22384615 | N59: =(24-(0.06*sref))/bbiomaxmoyen -> -3.1384615 | O59: =(-4.9-(0.0022*sref))/bbiomaxmoyen -> -0.204 | P59: =(-9.7-(0.001*sref))/bbiomaxmoyen -> -0.20769231 | Q59: =(-19.7)/bbiomaxmoyen -> -0.30307692 | R59: =(24-(0.06*sref))/bbiomaxmoyen -> -3.1384615 | S59: =(-3.8-(0.0044*sref))/bbiomaxmoyen -> -0.31569231 | T59: =(-21.4)/bbiomaxmoyen -> -0.32923077 | U59: =(-21.4)/bbiomaxmoyen -> -0.32923077 | V59: =(35-(0.05*sref))/bbiomaxmoyen -> -2.3846154 | W59: =(20-(0.02*sref))/bbiomaxmoyen -> -0.86153846 | X59: 0 | Y59: =(45-(0.045*sref))/bbiomaxmoyen -> -1.9384615 | Z59: =(45-(0.045*sref))/bbiomaxmoyen -> -1.9384615 | AA59: 0 | AB59: =(47.5-(0.095*sref))/bbiomaxmoyen -> -4.8230769 | AC59: 0 | AD59: =(22-(0.008*sref))/bbiomaxmoyen -> -0.12923077 | AE59: 0 | AF59: =(50-(0.01*sref))/bbiomaxmoyen -> 0.18461538 | AG59: 0 | AH59: =(65-(0.013*sref))/bbiomaxmoyen -> 0.24 | AI59: 0 | AJ59: 0
D61: Mbbruit | E61: =IF(VLOOKUP(D4,D64:G91,D63,FALSE)="X",I62,VLOOKUP(D4,D64:G91,D63,FALSE)) -> 0
G62: =IF(categorie="Catégorie 3",TRUE,FALSE) -> FALSE | H62: =IF(VLOOKUP(D4,D64:G91,D63,FALSE)="X",">>>","") | I62: =VLOOKUP(zoneclim,I64:N71,I63,FALSE) -> 0 | J62: =Enumération!C35 -> Maisons_individuelles_ou_accolées | K62: =Enumération!E35 -> Logement_collectif | L62: =Enumération!I35 -> Enseignement_primaire_ou_secondaire | M62: =Enumération!N35 -> Bâtiments_universitaires_d'enseignement_et_de_recherche_et_bâtiments_d’enseignements_atypiques | N62: =AI35 -> Etablissements_d'accueil_de_la_petite_enfance
D63: =IF(categorie="Catégorie 3",4,IF(expobruit="BR1",2,3)) -> 2 | E63: BR1 | F63: BR2,BR3 | G63: Cat 3 | I63: =VLOOKUP(usage_detaillé,D64:H91,5,FALSE) -> 3 | J63: BR2,BR3 | K63: BR2,BR3 | L63: Cat 3 | M63: Cat 3 | N63: Cat 3
D64: =D5 -> Maisons_individuelles_ou_accolées | E64: 0 | F64: X | G64: - | H64: 2 | I64: =D37 -> H1a | J64: 0 | K64: 0 | L64: 0.15 | M64: 0.1 | N64: 0.05
D65: =D6 -> Logement_collectif | E65: 0 | F65: X | G65: - | H65: 3 | I65: =D38 -> H1b | J65: 0 | K65: 0 | L65: 0.1 | M65: 0.05 | N65: 0.1
D66: =D7 -> Bureaux | E66: 0 | F66: 0 | G66: 0.4 | I66: =D39 -> H1c | J66: 0 | K66: 0.1 | L66: 0.1 | M66: 0.1 | N66: 0.15
D67: =D8 -> Enseignement_primaire_ou_secondaire - Enseignement primaire | E67: 0 | F67: 0 | G67: 0 | I67: =D40 -> H2a | J67: 0 | K67: 0 | L67: 0.15 | M67: 0.1 | N67: 0.1
D68: =D9 -> Enseignement_primaire_ou_secondaire - Enseignement secondaire | E68: 0 | F68: 0 | G68: 0 | I68: =D41 -> H2b | J68: 0 | K68: 0 | L68: 0.15 | M68: 0.15 | N68: 0.15
D69: =D10 -> Médiathèques_et_bibliothèques | E69: 0 | F69: 0 | G69: X | H69: 4 | I69: =D42 -> H2c | J69: 0 | K69: 0.1 | L69: 0.2 | M69: 0.2 | N69: 0.2
D70: =D11 -> Bâtiments_universitaires_d'enseignement_et_de_recherche_et_bâtiments_d’enseignements_atypiques | E70: 0 | F70: 0 | G70: X | H70: 5 | I70: =D43 -> H2d | J70: 0.1 | K70: 0.2 | L70: 0.1 | M70: 0.1 | N70: 0.25
D71: =D12 -> Hôtels - 0, 1 et 2 étoiles (partie nuit) | E71: 0 | F71: 0 | G71: 0.05 | I71: =D44 -> H3 | J71: 0.1 | K71: 0.2 | L71: 0.15 | M71: 0.15 | N71: 0.3
D72: =D13 -> Hôtels - 3, 4 et 5 étoiles (partie nuit) | E72: 0 | F72: 0 | G72: 0.05
D73: =D14 -> Hôtels - 0, 1 et 2 étoiles (partie jour) | E73: 0 | F73: 0 | G73: 0.3
D74: =D15 -> Hôtels - 3, 4 et 5 étoiles (partie jour) | E74: 0 | F74: 0 | G74: 0.3
D75: =D16 -> Etablissements_d'accueil_de_la_petite_enfance | E75: 0 | F75: 0 | G75: X | H75: 6
D76: =D17 -> Restaurants - en continu, 18 heures par jour, 7 jours sur 7 | E76: 0 | F76: 0 | G76: 0
D77: =D18 -> Restaurants - 1 repas par jour, 5 jours sur 7 | E77: 0 | F77: 0 | G77: 0
D78: =D19 -> Restaurants - 2 repas par jour, 7 jours sur 7 | E78: 0 | F78: 0 | G78: 0
D79: =D20 -> Restaurants - 2 repas par jour, 6 jours sur 7 | E79: 0 | F79: 0 | G79: 0
D80: =D21 -> Commerces | E80: 0 | F80: 0 | G80: 0.2
D81: =D22 -> Vestiaires seuls | E81: 0 | F81: 0 | G81: 0
D82: =D23 -> Etablissements_sanitaires_avec_hébergement | E82: 0 | F82: 0 | G82: 0
D83: =D24 -> Etablissements_de_santé - partie nuit | E83: 0 | F83: 0 | G83: 0
D84: =D25 -> Etablissements_de_santé - partie jour | E84: 0 | F84: 0 | G84: 0
D85: =D26 -> Aérogares | E85: 0 | F85: 0 | G85: 0
D86: =D27 -> Industries_ou_artisanats - 3x8h | E86: 0 | F86: 0 | G86: 0
D87: =D28 -> Industries_ou_artisanats - 8h à 18h | E87: 0 | F87: 0 | G87: 0
... D91: =D32 -> Etablissements_sportifs_privés | E91: 0 | F91: 0 | G91: 0
D94: Mb_HSP | E94: =IF(decret2026,HLOOKUP("ICI",E99:J100,2,FALSE),0) | M94: Maison indiv | O94: Log collectif
E95: =Enumération!C35 -> Maisons_individuelles_ou_accolées | F95: =Enumération!D35 -> Maisons_individuelles_ou_accolées | G95: =F95 -> Maisons_individuelles_ou_accolées | H95: =Enumération!E35 -> Logement_collectif | I95: =Enumération!F35 -> Logement_collectif | J95: Autres
E96: HSPmoy<=2,5 | F96: HSPmoy>2,5 | G96: HSPmoy>2,5 | H96: HSPmoy<=2,5 | I96: HSPmoy>2,5
D97: HSP? → | E97: =HSPmoy<=2.5 -> FALSE | F97: =HSPmoy>2.5 -> TRUE | G97: =HSPmoy>2.5 -> TRUE | H97: =HSPmoy<=2.5 -> FALSE | I97: =HSPmoy>2.5 -> TRUE
D98: SREF ? → | F98: =sref<=150 -> FALSE | G98: =sref>150 -> TRUE
D99: calcul → | E99: =IF(AND(E97,usage=E95),"ICI",FALSE) -> FALSE | F99: =IF(AND(F97,F98,usage=F95),"ICI",FALSE) -> FALSE | G99: =IF(AND(G97,G98,usage=G95),"ICI",FALSE) -> FALSE | H99: =IF(AND(H97,usage=H95),"ICI",FALSE) -> FALSE | I99: =IF(AND(I97,usage=I95),"ICI",FALSE) -> ICI | J99: =IF(COUNTIF(E99:I99,"ICI")>0,FALSE,"ICI") -> FALSE
E100: 0 | F100: =((MIN(HSPmoy,2.9)/2.5)-1) -> 0.04 | G100: =((MIN(HSPmoy,2.9)/2.5)-1)/2 -> 0.02 | H100: 0 | I100: =((MIN(HSPmoy,2.9)/2.5)-1)/1.5 -> 0.026666667 | J100: 0

Sheet Calcul_matiere
B2: Mi pour l’Icconstruction
D3: Icconstruction_maxmoyen | E3: =INDEX(E5:H22,MATCH(usage,D5:D22,0),MATCH(depotpc,E4:H4,0)) -> 650 | G3: incluant (ou pas) IGH | L3: Base officiel
B4: Les coefficients de modulation de l’ICconstruction commencent tous par « Mi ». La formule du Icconstruction_max est : | E4: 2022 à 2024 | F4: 2025 à 2027 | G4: 2028 à 2030 | H4: à partir de 2031 | L4: 2028 à 2030 | M4: à partir de 2031
D5: =Enumération!C4 -> Maisons_individuelles_ou_accolées | E5: 640 | F5: 530 | G5: =IF(est_igh="OUI",F5*G$23,L5) -> 475 | H5: =IF(est_igh="OUI",L5*$H$23,M5) -> 415 | I5: 0 | J5: 0 | L5: 475 | M5: 415
B6: Icconstruction_max = Icconstruction_maxmoyen × (1 + Micombles + Misurf_moy + Misurf_tot) + Migéo + Miinfra + Mivrd + Mipv + Mided + Miagrément_ext + Mi_HSP + Miclim_RCU | D6: =Enumération!C5 -> Logement_collectif | E6: 740 | F6: 650 | G6: =IF(est_igh="OUI",F6*G$23,L6) -> 580 | H6: =IF(est_igh="OUI",L6*$H$23,M6) -> 490 | I6: 3 | J6: 2 | L6: 580 | M6: 490
D7: =Enumération!C6 -> Bureaux | E7: 980 | F7: 810 | G7: =IF(est_igh="OUI",F7*G$23,L7) -> 710 | H7: =IF(est_igh="OUI",L7*$H$23,M7) -> 600 | I7: 6 | J7: 4 | L7: 710 | M7: 600
B8: Icconstruction_maxmoyen : valeur de l’exigence Icconstruction_max pour un bâtiment moyen, dépendant de l’usage ; | D8: =Enumération!C7 -> Enseignement_primaire_ou_secondaire | E8: 900 | F8: 770 | G8: =IF(est_igh="OUI",F8*G$23,L8) -> 680 | H8: =IF(est_igh="OUI",L8*$H$23,M8) -> 590 | I8: 9 | J8: 7 | L8: 680 | M8: 590
B9: Micombles : coefficient de modulation selon la surface de plancher de combles aménagés pour les maisons individuelles ; | D9: =Enumération!C8 -> Médiathèques_et_bibliothèques | E9: - | F9: 940 | G9: =IF(est_igh="OUI",F9*G$23,L9) -> 785 | H9: =IF(est_igh="OUI",L9*$H$23,M9) -> 630 | I9: =I8+3 -> 12 | L9: 785 | M9: 630
B10: Misurf_moy : coefficient de modulation selon la surface moyenne des logements ; | D10: =Enumération!C9 -> Bâtiments_universitaires_d'enseignement_et_de_recherche_et_bâtiments_d’enseignements_atypiques | E10: - | F10: 940 | G10: =IF(est_igh="OUI",F10*G$23,L10) -> 790 | H10: =IF(est_igh="OUI",L10*$H$23,M10) -> 640 | I10: =I9+3 -> 15 | L10: 790 | M10: 640
B11: Misurf_tot : coefficient de modulation selon la surface de référence | D11: =Enumération!C10 -> Hôtels | E11: - | F11: 820 | G11: =IF(est_igh="OUI",F11*G$23,L11) -> 680 | H11: =IF(est_igh="OUI",L11*$H$23,M11) -> 540 | I11: =I10+3 -> 18 | L11: 680 | M11: 540
B12: Migéo : coefficient de modulation selon la localisation géographique ; | D12: =Enumération!C11 -> Etablissements_d'accueil_de_la_petite_enfance | E12: - | F12: 950 | G12: =IF(est_igh="OUI",F12*G$23,L12) -> 780 | H12: =IF(est_igh="OUI",L12*$H$23,M12) -> 630 | I12: =I11+3 -> 21 | L12: 780 | M12: 630
B13: Miinfra : coefficient de modulation selon l’impact des fondations, des espaces en sous-sol et des parcs de stationnement couverts ; | D13: =Enumération!C12 -> Restaurants | E13: - | F13: 800 | G13: =IF(est_igh="OUI",F13*G$23,L13) -> 670 | H13: =IF(est_igh="OUI",L13*$H$23,M13) -> 540 | I13: =I12+3 -> 24 | L13: 670 | M13: 540
B14: Mivrd : coefficient de modulation selon l’impact de la voirie et des réseaux divers ; | D14: =Enumération!C13 -> Commerces | E14: - | F14: 800 | G14: =IF(est_igh="OUI",F14*G$23,L14) -> 670 | H14: =IF(est_igh="OUI",L14*$H$23,M14) -> 540 | I14: =I13+3 -> 27 | L14: 670 | M14: 540
B15: Mipv : coefficient de modulation selon l’impact de l’installation des panneaux photovoltaïques ; | D15: =Enumération!C14 -> Vestiaires seuls | E15: - | F15: 1050 | G15: =IF(est_igh="OUI",F15*G$23,L15) -> 900 | H15: =IF(est_igh="OUI",L15*$H$23,M15) -> 750 | I15: =I14+3 -> 30 | L15: 900 | M15: 750
B16: Mided : coefficient de modulation selon l’impact des données environnementales par défaut et valeurs forfaitaires. | D16: =Enumération!C15 -> Etablissements_sanitaires_avec_hébergement | E16: - | F16: 880 | G16: =IF(est_igh="OUI",F16*G$23,L16) -> 760 | H16: =IF(est_igh="OUI",L16*$H$23,M16) -> 620 | I16: =I15+3 -> 33 | L16: 760 | M16: 620
B17: Miagrément_ext : coefficient de modulation selon la surface d’agrément extérieur (balcons, loggias) du bâtiment ou de la partie de bâtiment, pour les logements collectifs; | D17: =Enumération!C16 -> Etablissements_de_santé | E17: - | F17: 880 | G17: =IF(est_igh="OUI",F17*G$23,L17) -> 760 | H17: =IF(est_igh="OUI",L17*$H$23,M17) -> 620 | I17: =I16+3 -> 36 | L17: 760 | M17: 620
B18: Mi_HSP : coefficient de modulation selon la hauteur sous plafond moyenne des étages; | D18: =Enumération!C17 -> Aérogares | E18: - | F18: 1120 | G18: =IF(est_igh="OUI",F18*G$23,L18) -> 950 | H18: =IF(est_igh="OUI",L18*$H$23,M18) -> 780 | I18: =I17+3 -> 39 | L18: 950 | M18: 780
B19: Miclim_RCU : coefficient de modulation selon la présence ou non d’un système de climatisation, pour les bâtiments raccordés à un réseau de chaleur urbain classé; | D19: =Enumération!C18 -> Industries_ou_artisanats | E19: - | F19: 840 | G19: =IF(est_igh="OUI",F19*G$23,L19) -> 695 | H19: =IF(est_igh="OUI",L19*$H$23,M19) -> 550 | I19: =I18+3 -> 42 | L19: 695 | M19: 550
D20: =Enumération!C19 -> Etablissements_sportifs_municipaux_ou_scolaires | E20: - | F20: 900 | G20: =IF(est_igh="OUI",F20*G$23,L20) -> 760 | H20: =IF(est_igh="OUI",L20*$H$23,M20) -> 620 | I20: =I19+3 -> 45 | L20: 760 | M20: 620
D21: =Enumération!C20 -> Restaurants_scolaires | E21: - | F21: 800 | G21: =IF(est_igh="OUI",F21*G$23,L21) -> 670 | H21: =IF(est_igh="OUI",L21*$H$23,M21) -> 540 | I21: =I20+3 -> 48 | L21: 670 | M21: 540
D22: =Enumération!C21 -> Etablissements_sportifs_privés | E22: - | F22: 900 | G22: =IF(est_igh="OUI",F22*G$23,L22) -> 760 | H22: =IF(est_igh="OUI",L22*$H$23,M22) -> 620 | I22: =I21+3 -> 51 | L22: 760 | M22: 620
D23: IGH ? (si oui = 0,95) --> | G23: =IF(est_igh="OUI",0.95,1) -> 1 | H23: =IF(est_igh="OUI",0.95,1) -> 1
D25: Migeo | E25: {=INDEX(E28:BF35,MATCH(zoneclim,D28:D35,0),MATCH(elevation,E27:G27,0)+D27)} -> 0
E26: =Enumération!C37 -> Maisons_individuelles_ou_accolées | H26: =Enumération!$D$33 -> Logement_collectif | K26: =Enumération!$E$33 -> Bureaux | N26: =Enumération!$F$33 -> Enseignement_primaire_ou_secondaire | Q26: =Enumération!$G$33 -> Médiathèques_et_bibliothèques | T26: =Enumération!$H$33 -> Bâtiments_universitaires_d'enseignement_et_de_recherche_et_bâtiments_d’enseignements_atypiques | W26: =Enumération!$I$33 -> Hôtels | Z26: =Enumération!$J$33 -> Etablissements_d'accueil_de_la_petite_enfance | AC26: =Enumération!$K$33 -> Restaurants | AF26: =Enumération!$L$33 -> Commerces | AI26: =Enumération!$M$33 -> Vestiaires seuls | AL26: =Enumération!$N$33 -> Etablissements_sanitaires_avec_hébergement | AO26: =Enumération!$O$33 -> Etablissements_de_santé | AR26: =Enumération!$P$33 -> Aérogares | AU26: =Enumération!$Q$33 -> Industries_ou_artisanats | AX26: =Enumération!$R$33 -> Etablissements_sportifs_municipaux_ou_scolaires | BA26: =Enumération!$S$33 -> Restaurants_scolaires | BD26: =Enumération!$T$33 -> Etablissements_sportifs_privés
D27: =VLOOKUP(Input_resultats!E4,D5:J22,6,FALSE) -> 3 | E27: =Calcul_bbio!E36 -> <400m | F27: =Calcul_bbio!F36 -> 400m-800m | G27: =Calcul_bbio!G36 -> >800m | H27: =E27 -> <400m | I27: =F27 -> 400m-800m | J27: =G27 -> >800m | K27: =H27 -> <400m | L27: =I27 -> 400m-800m | M27: =J27 -> >800m | N27: =K27 -> <400m | O27: =L27 -> 400m-800m | P27: =M27 -> >800m | Q27: <400m | R27: <400 | S27: >800m | T27: <400m | U27: 400m-800m | V27: >800m | W27: <400m | X27: 400m-800m | Y27: >800m | Z27: <400m | AA27: 400m-800m | AB27: >800m | AC27: <400m | AD27: 400m-800m | AE27: >800m | AF27: <400m | AG27: 400m-800m | AH27: >800m | AI27: <400m | AJ27: 400m-800m | AK27: >800m | AL27: <400m | AM27: 400m-800m | AN27: >800m | AO27: <400m | AP27: 400m-800m | AQ27: >800m | AR27: <400m | AS27: 400m-800m | AT27: >800m | AU27: <400m | AV27: 400m-800m | AW27: >800m | AX27: <400m | AY27: 400m-800m | AZ27: >800m | BA27: <400m | BB27: 400m-800m | BC27: >800m | BD27: <400m | BE27: 400m-800m | BF27: >800m
D28: H1a | E28: 0 | F28: 0 | G28: 0 | H28: 0 | I28: 0 | J28: 0 | K28: 0 | L28: 0 | M28: 0 | N28: 0 | O28: 0 | P28: 0 | Q28: 0 | R28: 0 | S28: 0 | T28: 0 | U28: 0 | V28: 0 | W28: 0 | X28: 0 | Y28: 0 | Z28: 0 | AA28: 0 | AB28: 0 | AC28: 0 | AD28: 0 | AE28: 0 | AF28: 0 | AG28: 0 | AH28: 0 | AI28: 0 | AJ28: 0 | AK28: 0 | AL28: 0 | AM28: 0 | AN28: 0 | AO28: 0 | AP28: 0 | AQ28: 0 | AR28: 0 | AS28: 0 | AT28: 0 | AU28: 0 | AV28: 0 | AW28: 0 | AX28: 0 | AY28: 0 | AZ28: 0 | BA28: 0 | BB28: 0 | BC28: 0 | BD28: 0 | BE28: 0 | BF28: 0
D29: H1b | E29: 0 | F29: 0 | G29: 0 | H29: 0 | I29: 0 | J29: 0 | K29: 0 | L29: 0 | M29: 0 | N29: 0 | O29: 0 | P29: 0 | Q29: 0 | R29: 0 | S29: 0 | T29: 0 | U29: 0 | V29: 0 | W29: 0 | X29: 0 | Y29: 0 | Z29: 0 | AA29: 0 | AB29: 0 | AC29: 0 | AD29: 0 | AE29: 0 | AF29: 0 | AG29: 0 | AH29: 0 | AI29: 0 | AJ29: 0 | AK29: 0 | AL29: 0 | AM29: 0 | AN29: 0 | AO29: 0 | AP29: 0 | AQ29: 0 | AR29: 0 | AS29: 0 | AT29: 0 | AU29: 0 | AV29: 0 | AW29: 0 | AX29: 0 | AY29: 0 | AZ29: 0 | BA29: 0 | BB29: 0 | BC29: 0 | BD29: 0 | BE29: 0 | BF29: 0
D30: H1c | E30: 0 | F30: 0 | G30: 0 | H30: 0 | I30: 0 | J30: 0 | K30: 0 | L30: 0 | M30: 0 | N30: 0 | O30: 0 | P30: 0 | Q30: 0 | R30: 0 | S30: 0 | T30: 0 | U30: 0 | V30: 0 | W30: 0 | X30: 0 | Y30: 0 | Z30: 0 | AA30: 0 | AB30: 0 | AC30: 0 | AD30: 0 | AE30: 0 | AF30: 0 | AG30: 0 | AH30: 0 | AI30: 0 | AJ30: 0 | AK30: 0 | AL30: 0 | AM30: 0 | AN30: 0 | AO30: 0 | AP30: 0 | AQ30: 0 | AR30: 0 | AS30: 0 | AT30: 0 | AU30: 0 | AV30: 0 | AW30: 0 | AX30: 0 | AY30: 0 | AZ30: 0 | BA30: 0 | BB30: 0 | BC30: 0 | BD30: 0 | BE30: 0 | BF30: 0
D31: H2a | E31: 0 | F31: 0 | G31: 0 | H31: 0 | I31: 0 | J31: 0 | K31: 0 | L31: 0 | M31: 0 | N31: 0 | O31: 0 | P31: 0 | Q31: 0 | R31: 0 | S31: 0 | T31: 0 | U31: 0 | V31: 0 | W31: 0 | X31: 0 | Y31: 0 | Z31: 0 | AA31: 0 | AB31: 0 | AC31: 0 | AD31: 0 | AE31: 0 | AF31: 0 | AG31: 0 | AH31: 0 | AI31: 0 | AJ31: 0 | AK31: 0 | AL31: 0 | AM31: 0 | AN31: 0 | AO31: 0 | AP31: 0 | AQ31: 0 | AR31: 0 | AS31: 0 | AT31: 0 | AU31: 0 | AV31: 0 | AW31: 0 | AX31: 0 | AY31: 0 | AZ31: 0 | BA31: 0 | BB31: 0 | BC31: 0 | BD31: 0 | BE31: 0 | BF31: 0
D32: H2b | E32: 0 | F32: 0 | G32: 0 | H32: 0 | I32: 0 | J32: 0 | K32: 0 | L32: 0 | M32: 0 | N32: 0 | O32: 0 | P32: 0 | Q32: 0 | R32: 0 | S32: 0 | T32: 0 | U32: 0 | V32: 0 | W32: 0 | X32: 0 | Y32: 0 | Z32: 0 | AA32: 0 | AB32: 0 | AC32: 0 | AD32: 0 | AE32: 0 | AF32: 0 | AG32: 0 | AH32: 0 | AI32: 0 | AJ32: 0 | AK32: 0 | AL32: 0 | AM32: 0 | AN32: 0 | AO32: 0 | AP32: 0 | AQ32: 0 | AR32: 0 | AS32: 0 | AT32: 0 | AU32: 0 | AV32: 0 | AW32: 0 | AX32: 0 | AY32: 0 | AZ32: 0 | BA32: 0 | BB32: 0 | BC32: 0 | BD32: 0 | BE32: 0 | BF32: 0
D33: H2c | E33: 0 | F33: 0 | G33: 0 | H33: 0 | I33: 0 | J33: 0 | K33: 0 | L33: 0 | M33: 0 | N33: 0 | O33: 0 | P33: 0 | Q33: 0 | R33: 0 | S33: 0 | T33: 0 | U33: 0 | V33: 0 | W33: 0 | X33: 0 | Y33: 0 | Z33: 0 | AA33: 0 | AB33: 0 | AC33: 0 | AD33: 0 | AE33: 0 | AF33: 0 | AG33: 0 | AH33: 0 | AI33: 0 | AJ33: 0 | AK33: 0 | AL33: 0 | AM33: 0 | AN33: 0 | AO33: 0 | AP33: 0 | AQ33: 0 | AR33: 0 | AS33: 0 | AT33: 0 | AU33: 0 | AV33: 0 | AW33: 0 | AX33: 0 | AY33: 0 | AZ33: 0 | BA33: 0 | BB33: 0 | BC33: 0 | BD33: 0 | BE33: 0 | BF33: 0
D34: H2d | E34: 30 | F34: 0 | G34: 0 | H34: 30 | I34: 0 | J34: 0 | K34: 50 | L34: 0 | M34: 0 | N34: 0 | O34: 0 | P34: 0 | Q34: 30 | R34: 0 | S34: 0 | T34: 30 | U34: 0 | V34: 0 | W34: 20 | X34: 0 | Y34: 0 | Z34: 0 | AA34: 0 | AB34: 0 | AC34: 0 | AD34: 0 | AE34: 0 | AF34: 0 | AG34: 0 | AH34: 0 | AI34: 0 | AJ34: 0 | AK34: 0 | AL34: 0 | AM34: 0 | AN34: 0 | AO34: 0 | AP34: 0 | AQ34: 0 | AR34: 0 | AS34: 0 | AT34: 0 | AU34: 0 | AV34: 0 | AW34: 0 | AX34: 0 | AY34: 0 | AZ34: 0 | BA34: 0 | BB34: 0 | BC34: 0 | BD34: 0 | BE34: 0 | BF34: 0
D35: H3 | E35: 30 | F35: 0 | G35: 0 | H35: 30 | I35: 0 | J35: 0 | K35: 50 | L35: 0 | M35: 0 | N35: 0 | O35: 0 | P35: 0 | Q35: 30 | R35: 0 | S35: 0 | T35: 30 | U35: 0 | V35: 0 | W35: 20 | X35: 0 | Y35: 0 | Z35: 0 | AA35: 0 | AB35: 0 | AC35: 0 | AD35: 0 | AE35: 0 | AF35: 0 | AG35: 0 | AH35: 0 | AI35: 0 | AJ35: 0 | AK35: 0 | AL35: 0 | AM35: 0 | AN35: 0 | AO35: 0 | AP35: 0 | AQ35: 0 | AR35: 0 | AS35: 0 | AT35: 0 | AU35: 0 | AV35: 0 | AW35: 0 | AX35: 0 | AY35: 0 | AZ35: 0 | BA35: 0 | BB35: 0 | BC35: 0 | BD35: 0 | BE35: 0 | BF35: 0
D37: Micombles | E37: =IF(usage=D5,(0.4*scombles)/sref,0) -> 0 | AC37: Maison indiv | AH37: Log collectf
D39: Misurf_moy | E39: =HLOOKUP("ICI",G42:Z43,2,FALSE) -> 0 | G39: =E26 -> Maisons_individuelles_ou_accolées | H39: =G39 -> Maisons_individuelles_ou_accolées | I39: =H26 -> Logement_collectif | J39: =I39 -> Logement_collectif | K39: =Enumération!E33 -> Bureaux | L39: =Enumération!F33 -> Enseignement_primaire_ou_secondaire | M39: =Enumération!G33 -> Médiathèques_et_bibliothèques | N39: =Enumération!H33 -> Bâtiments_universitaires_d'enseignement_et_de_recherche_et_bâtiments_d’enseignements_atypiques | O39: =Enumération!I33 -> Hôtels | P39: =Enumération!J33 -> Etablissements_d'accueil_de_la_petite_enfance | Q39: =Enumération!K33 -> Restaurants | R39: =Enumération!L33 -> Commerces | ... Z39: =Enumération!T33 -> Etablissements_sportifs_privés
G40: smoylgt<=120 | H40: smoylgt>120 | I40: smoylgt<=40 | J40: smoylgt>40
F41: surface → | G41: =smoylgt<=120 -> TRUE | H41: =smoylgt>120 -> FALSE | I41: =smoylgt<=40 -> FALSE | J41: =smoylgt>40 -> TRUE
F42: LA colonne → | G42: =IF(AND(usage=G39,Calcul_matiere!G41),"ICI","NON") -> NON | H42: =IF(AND(usage=H39,Calcul_matiere!H41),"ICI","NON") -> NON | I42: =IF(AND(usage=I39,Calcul_matiere!I41),"ICI","NON") -> NON | J42: =IF(AND(usage=J39,Calcul_matiere!J41),"ICI","NON") -> ICI | K42: =IF(usage=K39,"ICI","NON") -> NON | L42: =IF(AND(usage=L39,Calcul_matiere!L41),"ICI","NON") -> NON | M42: =IF(AND(usage=M39,Calcul_matiere!M41),"ICI","NON") -> NON | N42: =IF(AND(usage=N39,Calcul_matiere!N41),"ICI","NON") -> NON | O42: =IF(AND(usage=O39,Calcul_matiere!O41),"ICI","NON") -> NON | P42: =IF(AND(usage=P39,Calcul_matiere!P41),"ICI","NON") -> NON | Q42: =IF(AND(usage=Q39,Calcul_matiere!Q41),"ICI","NON") -> NON | R42: =IF(AND(usage=R39,Calcul_matiere!R41),"ICI","NON") -> NON | S42: =IF(AND(usage=S39,Calcul_matiere!S41),"ICI","NON") -> NON | ... Z42: =IF(AND(usage=Z39,Calcul_matiere!Z41),"ICI","NON") -> NON
F43: calcul → | G43: =0.36-((3.6*smoylgt)/1000) -> 0.132 | H43: -0.072 | I43: =(100-(2.5*smoylgt))/icconstructionmaxmoyen -> -0.08974359 | J43: 0 | K43: 0 | L43: 0 | M43: 0 | N43: 0 | O43: 0 | P43: 0 | Q43: 0 | R43: 0 | S43: 0 | T43: 0 | U43: 0 | V43: 0 | W43: 0 | X43: 0 | Y43: 0 | Z43: 0
D45: Misurf_Tot | E45: =HLOOKUP("ICI",G48:AE50,3,FALSE) -> -0.0875 | G45: =D5 -> Maisons_individuelles_ou_accolées | H45: =D6 -> Logement_collectif | I45: =H45 -> Logement_collectif | J45: =I45 -> Logement_collectif | K45: =D7 -> Bureaux | L45: =K45 -> Bureaux | M45: =D8 -> Enseignement_primaire_ou_secondaire | N45: =M45 -> Enseignement_primaire_ou_secondaire | O45: =Enumération!G33 -> Médiathèques_et_bibliothèques | P45: =Enumération!H33 -> Bâtiments_universitaires_d'enseignement_et_de_recherche_et_bâtiments_d’enseignements_atypiques | Q45: =Enumération!I33 -> Hôtels | R45: =Enumération!J33 -> Etablissements_d'accueil_de_la_petite_enfance | S45: =Enumération!K33 -> Restaurants | T45: =Enumération!L33 -> Commerces | U45: =Enumération!M33 -> Vestiaires seuls | V45: =Enumération!N33 -> Etablissements_sanitaires_avec_hébergement | ... Y45: =Enumération!Q33 -> Industries_ou_artisanats | Z45: =Y45 -> Industries_ou_artisanats | AA45: =Enumération!R33 -> Etablissements_sportifs_municipaux_ou_scolaires | AB45: =AA45 -> Etablissements_sportifs_municipaux_ou_scolaires | AC45: =Enumération!S33 -> Restaurants_scolaires | AD45: =Enumération!T33 -> Etablissements_sportifs_privés | AE45: =AD45 -> Etablissements_sportifs_privés
H46: sref<=1300 | I46: 1300<sref<4000 | J46: sref>=4000 | K46: sref<=2500 | L46: sref>2500 | M46: sref<=10000 | N46: sref>10000 | Y46: sref<=5000 | Z46: sref>5000 | AA46: sref<=2000 | AB46: sref>2000 | AD46: sref<=2000 | AE46: sref>2000
F47: surface → | H47: =sref<=1300 -> FALSE | I47: =IF(AND(sref>1300,sref<4000),TRUE,FALSE) -> TRUE | J47: =sref>=4000 -> FALSE | K47: =sref<=2500 -> FALSE | L47: =sref>2500 -> TRUE | M47: =sref<=10000 -> TRUE | N47: =sref>10000 -> FALSE | Y47: =sref<=5000 -> TRUE | Z47: =sref>5000 -> FALSE | AA47: =sref<=2000 -> FALSE | AB47: =sref>2000 -> TRUE | AD47: =sref<=2000 -> FALSE | AE47: =sref>2000 -> TRUE
F48: LA colonne → | G48: =IF(usage=G45,"ICI","NON") -> NON | H48: =IF(AND(usage=H45,H47),"ICI","NON") -> NON | I48: =IF(AND(usage=I45,I47),"ICI","NON") -> ICI | J48: =IF(AND(usage=J45,J47),"ICI","NON") -> NON | K48: =IF(AND(usage=K45,K47),"ICI","NON") -> NON | L48: =IF(AND(usage=L45,L47),"ICI","NON") -> NON | M48: =IF(AND(usage=M45,M47),"ICI","NON") -> NON | N48: =IF(AND(usage=N45,N47),"ICI","NON") -> NON | O48: =IF(usage=O45,"ICI","NON") -> NON | P48: =IF(usage=P45,"ICI","NON") -> NON | Q48: =IF(usage=Q45,"ICI","NON") -> NON | R48: =IF(usage=R45,"ICI","NON") -> NON | S48: =IF(usage=S45,"ICI","NON") -> NON | T48: =IF(usage=T45,"ICI","NON") -> NON | U48: =IF(usage=U45,"ICI","NON") -> NON | V48: =IF(usage=V45,"ICI","NON") -> NON | ... X48: =IF(usage=X45,"ICI","NON") -> NON | Y48: =IF(AND(usage=Y45,Y47),"ICI","NON") -> NON | Z48: =IF(AND(usage=Z45,Z47),"ICI","NON") -> NON | AA48: =IF(AND(usage=AA45,AA47),"ICI","NON") -> NON | AB48: =IF(AND(usage=AB45,AB47),"ICI","NON") -> NON | AC48: =IF(usage=AC45,"ICI","NON") -> NON | AD48: =IF(AND(usage=AD45,AD47),"ICI","NON") -> NON | AE48: =IF(AND(usage=AE45,AE47),"ICI","NON") -> NON
F49: IGH → | G49: 0 | H49: 0 | I49: 0 | J49: 0 | K49: -0.05 | L49: -0.05 | M49: -0.05 | N49: -0.05 | O49: 0.05 | P49: 0.05 | Q49: 0.05 | R49: 0.05 | S49: 0.05 | T49: 0.05 | U49: 0.05 | V49: 0.05 | W49: 0.05 | X49: 0.05 | Y49: 0.05 | Z49: 0.05 | AA49: 0.05 | AB49: 0.05 | AC49: 0.05 | AD49: 0.05 | AE49: 0.05
F50: calcul → | G50: 0 | H50: =IF(AND(est_igh="OUI",decret2026),H49,-0.104+((0.8*sref)/10000)) | I50: =IF(AND(est_igh="OUI",decret2026),I49,0.0455-((0.35*sref)/10000)) | J50: =IF(AND(est_igh="OUI",decret2026),J49,-0.0945) | K50: =IF(AND(est_igh="OUI",decret2026),K49,0.034-((0.86*sref)/10000)) | L50: =IF(AND(est_igh="OUI",decret2026),L49,-0.181) | M50: =IF(AND(est_igh="OUI",decret2026),M49,0.084-((0.21*sref)/10000)) | N50: =IF(AND(est_igh="OUI",decret2026),N49,-0.126) | O50: =IF(AND(est_igh="OUI",decret2026),O49,0) | P50: =IF(AND(est_igh="OUI",decret2026),P49,0) -> 0 | Q50: =IF(AND(est_igh="OUI",decret2026),Q49,0) -> 0 | R50: =IF(AND(est_igh="OUI",decret2026),R49,0) -> 0 | S50: =IF(AND(est_igh="OUI",decret2026),S49,0) -> 0 | T50: =IF(AND(est_igh="OUI",decret2026),T49,0) -> 0 | U50: =IF(AND(est_igh="OUI",decret2026),U49,0) -> 0 | V50: =IF(AND(est_igh="OUI",decret2026),V49,0) -> 0 | ... X50: =IF(AND(est_igh="OUI",decret2026),X49,0) -> 0 | Y50: =IF(AND(est_igh="OUI",decret2026),Y49,0.035-0.00007*sref) | Z50: =IF(AND(est_igh="OUI",decret2026),Z49,-0.315) | AA50: =IF(AND(est_igh="OUI",decret2026),AA49,0.3-0.00015*sref) | AB50: =IF(AND(est_igh="OUI",decret2026),AB49,0) | AC50: =IF(AND(est_igh="OUI",decret2026),AC49,0) | AD50: =IF(AND(est_igh="OUI",decret2026),AD49,0.3-0.00015*sref) | AE50: =IF(AND(est_igh="OUI",decret2026),AE49,0)
D52: Miinfra | E52: =HLOOKUP(usage,E53:V55,3,FALSE) -> 0
E53: =Enumération!C33 -> Maisons_individuelles_ou_accolées | F53: =Enumération!D33 -> Logement_collectif | G53: =Enumération!E33 -> Bureaux | H53: =Enumération!F33 -> Enseignement_primaire_ou_secondaire | I53: =Enumération!G33 -> Médiathèques_et_bibliothèques | J53: =Enumération!H33 -> Bâtiments_universitaires_d'enseignement_et_de_recherche_et_bâtiments_d’enseignements_atypiques | K53: =Enumération!I33 -> Hôtels | L53: =Enumération!J33 -> Etablissements_d'accueil_de_la_petite_enfance | ... V53: =Enumération!T33 -> Etablissements_sportifs_privés
E54: 40 | F54: 40 | G54: 40 | H54: 60 | I54: 60 | J54: 60 | K54: 40 | L54: 60 | M54: 40 | N54: 40 | O54: 40 | P54: 40 | Q54: 40 | R54: 100 | S54: 40 | T54: 60 | U54: 40 | V54: 60
E55: =IF(iclot2<=E54,0,iclot2-E54) -> 0 | F55: =IF(iclot2<=F54,0,iclot2-F54) -> 0 | G55: =IF(iclot2<=G54,0,iclot2-G54) -> 0 | H55: =IF(iclot2<=H54,0,iclot2-H54) -> 0 | I55: =IF(iclot2<=I54,0,iclot2-I54) -> 0 | J55: =IF(iclot2<=J54,0,iclot2-J54) -> 0 | K55: =IF(iclot2<=K54,0,iclot2-K54) -> 0 | L55: =IF(iclot2<=L54,0,iclot2-L54) -> 0 | ... V55: =IF(iclot2<=V54,0,iclot2-V54) -> 0
D57: Mivrd | E57: =HLOOKUP(usage,E58:V60,3,FALSE) -> 0
E58: =Enumération!C33 -> Maisons_individuelles_ou_accolées | F58: =Enumération!D33 -> Logement_collectif | G58: =Enumération!E33 -> Bureaux | H58: =Enumération!F33 -> Enseignement_primaire_ou_secondaire | I58: =Enumération!G33 -> Médiathèques_et_bibliothèques | J58: =Enumération!H33 -> Bâtiments_universitaires_d'enseignement_et_de_recherche_et_bâtiments_d’enseignements_atypiques | K58: =Enumération!I33 -> Hôtels | L58: =Enumération!J33 -> Etablissements_d'accueil_de_la_petite_enfance | ... V58: =Enumération!T33 -> Etablissements_sportifs_privés
E59: 20 | F59: 10 | G59: 10 | H59: 20 | I59: 20 | J59: 20 | K59: 10 | L59: 20 | M59: 10 | N59: 10 | O59: 10 | P59: 10 | Q59: 10 | R59: 10 | S59: 10 | T59: 20 | U59: 10 | V59: 20
E60: =IF(iclot1<=E59,0,iclot1-E59) -> 0 | F60: =IF(iclot1<=F59,0,iclot1-F59) -> 0 | G60: =IF(iclot1<=G59,0,iclot1-G59) -> 0 | H60: =IF(iclot1<=H59,0,iclot1-H59) -> 0 | I60: =IF(iclot1<=I59,0,iclot1-I59) -> 0 | J60: =IF(iclot1<=J59,0,iclot1-J59) -> 0 | K60: =IF(iclot1<=K59,0,iclot1-K59) -> 0 | L60: =IF(iclot1<=L59,0,iclot1-L59) -> 0 | ... V60: =IF(iclot1<=V59,0,iclot1-V59) -> 0
D62: Mipv | E62: =IF(iclot13<=20,0,iclot13-20) -> 0
F65: ↓ seuil IcDED ↓
D66: Mided | E66: =HLOOKUP("ICI",E69:AR70,2,FALSE) -> 0 | F66: =HLOOKUP("ICI",E69:AR71,3,FALSE) -> 250
D67: ↓ date PC adaptée ↓ | E67: =D5 -> Maisons_individuelles_ou_accolées | F67: =E67 -> Maisons_individuelles_ou_accolées | G67: =F67 -> Maisons_individuelles_ou_accolées | H67: =D6 -> Logement_collectif | I67: =H67 -> Logement_collectif | J67: =I67 -> Logement_collectif | K67: =D7 -> Bureaux | L67: =K67 -> Bureaux | M67: =L67 -> Bureaux | N67: =D8 -> Enseignement_primaire_ou_secondaire | O67: =N67 -> Enseignement_primaire_ou_secondaire | P67: =O67 -> Enseignement_primaire_ou_secondaire | Q67: =Enumération!G33 -> Médiathèques_et_bibliothèques | R67: =Q67 -> Médiathèques_et_bibliothèques | S67: =Enumération!H33 -> Bâtiments_universitaires_d'enseignement_et_de_recherche_et_bâtiments_d’enseignements_atypiques | T67: =S67 -> Bâtiments_universitaires_d'enseignement_et_de_recherche_et_bâtiments_d’enseignements_atypiques | U67: =Enumération!I33 -> Hôtels | V67: =U67 -> Hôtels | W67: =Enumération!J33 -> Etablissements_d'accueil_de_la_petite_enfance | X67: =W67 -> Etablissements_d'accueil_de_la_petite_enfance | Y67: =Enumération!K33 -> Restaurants | Z67: =Y67 -> Restaurants | AA67: =Enumération!L33 -> Commerces | AB67: =AA67 -> Commerces | AC67: =Enumération!M33 -> Vestiaires seuls | AD67: =AC67 -> Vestiaires seuls | AE67: =Enumération!N33 -> Etablissements_sanitaires_avec_hébergement | AF67: =AE67 -> Etablissements_sanitaires_avec_hébergement | AG67: =Enumération!O33 -> Etablissements_de_santé | AH67: =AG67 -> Etablissements_de_santé | AI67: =Enumération!P33 -> Aérogares | AJ67: =AI67 -> Aérogares | AK67: =Enumération!Q33 -> Industries_ou_artisanats | AL67: =AK67 -> Industries_ou_artisanats | AM67: =Enumération!R33 -> Etablissements_sportifs_municipaux_ou_scolaires | AN67: =AM67 -> Etablissements_sportifs_municipaux_ou_scolaires | AO67: =Enumération!S33 -> Restaurants_scolaires | AP67: =AO67 -> Restaurants_scolaires | AQ67: =Enumération!T33 -> Etablissements_sportifs_privés | AR67: =AQ67 -> Etablissements_sportifs_privés
D68: =IF(OR(Input_resultats!E15=G4,Input_resultats!E15=H4),"2028 et plus",Input_resultats!E15) -> 2025 à 2027 | E68: =E4 -> 2022 à 2024 | F68: =F4 -> 2025 à 2027 | G68: 2028 et plus | H68: =E68 -> 2022 à 2024 | I68: =F68 -> 2025 à 2027 | J68: =G68 -> 2028 et plus | K68: =H68 -> 2022 à 2024 | L68: =I68 -> 2025 à 2027 | M68: =J68 -> 2028 et plus | N68: =K68 -> 2022 à 2024 | O68: =L68 -> 2025 à 2027 | P68: =M68 -> 2028 et plus | Q68: 2025 à 2027 | R68: 2028 et plus | S68: 2025 à 2027 | T68: 2028 et plus | U68: 2025 à 2027 | V68: 2028 et plus | W68: 2025 à 2027 | X68: 2028 et plus | Y68: 2025 à 2027 | Z68: 2028 et plus | AA68: 2025 à 2027 | AB68: 2028 et plus | AC68: 2025 à 2027 | AD68: 2028 et plus | AE68: 2025 à 2027 | AF68: 2028 et plus | AG68: 2025 à 2027 | AH68: 2028 et plus | AI68: 2025 à 2027 | AJ68: 2028 et plus | AK68: 2025 à 2027 | AL68: 2028 et plus | AM68: 2025 à 2027 | AN68: 2028 et plus | AO68: 2025 à 2027 | AP68: 2028 et plus | AQ68: 2025 à 2027 | AR68: 2028 et plus
D69: LA colonne → | E69: =IF(AND(Input_resultats!$E$4=E67,E68=$D$68),"ICI","NON") -> NON | F69: =IF(AND(Input_resultats!$E$4=F67,F68=$D$68),"ICI","NON") -> NON | G69: =IF(AND(Input_resultats!$E$4=G67,G68=$D$68),"ICI","NON") -> NON | H69: =IF(AND(Input_resultats!$E$4=H67,H68=$D$68),"ICI","NON") -> NON | I69: =IF(AND(Input_resultats!$E$4=I67,I68=$D$68),"ICI","NON") -> ICI | J69: =IF(AND(Input_resultats!$E$4=J67,J68=$D$68),"ICI","NON") -> NON | K69: =IF(AND(Input_resultats!$E$4=K67,K68=$D$68),"ICI","NON") -> NON | L69: =IF(AND(Input_resultats!$E$4=L67,L68=$D$68),"ICI","NON") -> NON | ... AR69: =IF(AND(Input_resultats!$E$4=AR67,AR68=$D$68),"ICI","NON") -> NON
D70: calcul → | E70: =IF(icded<=370,0,0.3*(icded-370)) -> 0 | F70: 0 | G70: =IF(icded<=370,0,-0.3*(icded-370)) -> 0 | H70: =IF(icded<=250,0,0.3*(icded-250)) -> 30 | I70: 0 | J70: =IF(icded<=250,0,-0.3*(icded-250)) -> -30 | K70: =IF(icded<=275,0,0.3*(icded-275)) -> 22.5 | L70: 0 | M70: =IF(icded<=275,0,-0.3*(icded-275)) -> -22.5 | N70: =IF(icded<=300,0,0.3*(icded-300)) -> 15 | O70: 0 | P70: =IF(icded<=300,0,-0.3*(icded-300)) -> -15 | Q70: 0 | R70: =IF(icded<=R71,0,-0.3*(icded-R71)) -> 0 | S70: 0 | T70: =IF(icded<=T71,0,-0.3*(icded-T71)) -> -9 | U70: 0 | V70: =IF(icded<=V71,0,-0.3*(icded-V71)) -> -15 | W70: 0 | X70: =IF(icded<=X71,0,-0.3*(icded-X71)) -> 0 | Y70: 0 | Z70: =IF(icded<=Z71,0,-0.3*(icded-Z71)) -> 0 | AA70: 0 | AB70: =IF(icded<=AB71,0,-0.3*(icded-AB71)) -> 0 | AC70: 0 | AD70: =IF(icded<=AD71,0,-0.3*(icded-AD71)) -> 0 | AE70: 0 | AF70: =IF(icded<=AF71,0,-0.3*(icded-AF71)) -> 0 | AG70: 0 | AH70: =IF(icded<=AH71,0,-0.3*(icded-AH71)) -> 0 | AI70: 0 | AJ70: =IF(icded<=AJ71,0,-0.3*(icded-AJ71)) -> 0 | AK70: 0 | AL70: =IF(icded<=AL71,0,-0.3*(icded-AL71)) -> 0 | AM70: 0 | AN70: =IF(icded<=AN71,0,-0.3*(icded-AN71)) -> 0 | AO70: 0 | AP70: =IF(icded<=AP71,0,-0.3*(icded-AP71)) -> 0 | AQ70: 0 | AR70: =IF(icded<=AR71,0,-0.3*(icded-AR71)) -> 0
D71: Seuil IcDED → | E71: 370 | F71: =E71 -> 370 | G71: =F71 -> 370 | H71: 250 | I71: =H71 -> 250 | J71: =I71 -> 250 | K71: 275 | L71: =K71 -> 275 | M71: =L71 -> 275 | N71: 300 | O71: =N71 -> 300 | P71: =O71 -> 300 | Q71: 440 | R71: 440 | S71: 320 | T71: 320 | U71: 300 | V71: 300 | W71: 530 | X71: 530 | Y71: 480 | Z71: 480 | AA71: 580 | AB71: 580 | AC71: 580 | AD71: 580 | AE71: 580 | AF71: 580 | AG71: 580 | AH71: 580 | AI71: 665 | AJ71: 665 | AK71: 500 | AL71: 500 | AM71: 480 | AN71: 480 | AO71: 480 | AP71: 480 | AQ71: =AM71 -> 480 | AR71: =AN71 -> 480
K74: Maison indiv | M74: Log collectif
D75: Miagrément_ext | E75: =IF(decret2026,HLOOKUP("ICI",E78:H79,2,FALSE),0)
E76: =H39 -> Maisons_individuelles_ou_accolées | F76: =I39 -> Logement_collectif | G76: =J39 -> Logement_collectif | H76: AUTRES
F77: Sagr/Sref <= 0,10 | G77: Sagr/Sref > 0,10
E78: =IF(usage=E76,"ICI","NON") -> NON | F78: =IF(AND(usage=F76,Sagrément/sref<=0.1),"ICI","NON") -> NON | G78: =IF(AND(usage=G76,Sagrément/sref>0.1),"ICI","NON") -> ICI | H78: =IF(AND(E78="NON",F78="NON",G78="NON"),"ICI","NON") -> NON
E79: 0 | F79: 0 | G79: =(MIN(Sagrément/sref,0.25)-0.1)*110 -> 3.4736842 | H79: 0
D81: Mi_HSP | E81: =IF(decret2026,HLOOKUP("ICI",E85:I86,2,FALSE),0)
E82: =Enumération!C35 -> Maisons_individuelles_ou_accolées | F82: =Enumération!D35 -> Maisons_individuelles_ou_accolées | G82: =Enumération!E35 -> Logement_collectif | H82: =Enumération!F35 -> Logement_collectif | I82: Autres
E83: HSPmoy<=2,5 | F83: HSPmoy>2,5 | G83: HSPmoy<=2,5 | H83: HSPmoy>2,5
D84: HSP? → | E84: =HSPmoy<=2.5 -> FALSE | F84: =HSPmoy>2.5 -> TRUE | G84: =HSPmoy<=2.5 -> FALSE | H84: =HSPmoy>2.5 -> TRUE
D85: calcul → | E85: =IF(AND(E84,usage=E82),"ICI",FALSE) -> FALSE | F85: =IF(AND(F84,usage=F82),"ICI",FALSE) -> FALSE | G85: =IF(AND(G84,usage=G82),"ICI",FALSE) -> FALSE | H85: =IF(AND(H84,usage=H82),"ICI",FALSE) -> ICI | I85: =IF(COUNTIF(E85:H85,"ICI")>0,FALSE,"ICI") -> FALSE
E86: 0 | F86: =((MIN(HSPmoy,2.9)/2.5)-1)*95 -> 3.8 | G86: 0 | H86: =((MIN(HSPmoy,2.9)/2.5)-1)*95 -> 3.8 | I86: 0
D88: Miclim_RCU | E88: =IF(decret2026,IF(AND(rcu="OUI",rcu_classe="OUI",climatisé="OUI"),F90,E90),0)
E89: Pas activé | F89: =IF(AND(rcu="OUI",rcu_classe="OUI",climatisé="OUI"),"VRAI donc activé","si activé") -> si activé
E90: 0 | F90: 25

Sheet zone climatique
A1: Régions | B1: numéro | C1: département | D1: Valeur
A2: - | B2: - | C2: - | D2: -
A3: Auvergne-Rhône-Alpes | B3: 1 | C3: Ain | D3: H1c
A4: Hauts-de-France | B4: 2 | C4: Aisne | D4: H1a
A5: Auvergne-Rhône-Alpes | B5: 3 | C5: Allier | D5: H1c
A6: Provence-Alpes-Côte d'Azur | B6: 4 | C6: Alpes-de-Haute-Provence | D6: H2d
A7: Provence-Alpes-Côte d'Azur | B7: 6 | C7: Alpes-Maritimes | D7: H3
A8: Auvergne-Rhône-Alpes | B8: 7 | C8: Ardèche | D8: H2d
A9: Grand Est | B9: 8 | C9: Ardennes | D9: H1b
A10: Occitanie | B10: 9 | C10: Ariège | D10: H2c
A11: Grand Est | B11: 10 | C11: Aube | D11: H1b
A12: Occitanie | B12: 11 | C12: Aude | D12: H3
A13: Occitanie | B13: 12 | C13: Aveyron | D13: H2c
A14: Grand Est | B14: 67 | C14: Bas-Rhin | D14: H1b
... A21: Nouvelle-Aquitaine | B21: 19 | C21: Corrèze | D21: H1c
A22: Corse | B22: 2B | C22: Corse Haute-Corse | D22: H3
A23: Corse | B23: 2A | C23: Corse-du-Sud | D23: H3
A24: Bourgogne-Franche-Comté | B24: 21 | C24: Côte-d'Or | D24: H1c
A25: Bretagne | B25: 22 | C25: Côtes-d'Armor | D25: H2a
A26: Nouvelle-Aquitaine | B26: 23 | C26: Creuse | D26: H1c
A27: Nouvelle-Aquitaine | B27: 79 | C27: Deux-Sèvres | D27: H2b
A28: Nouvelle-Aquitaine | B28: 24 | C28: Dordogne | D28: H2c
A29: Bourgogne-Franche-Comté | B29: 25 | C29: Doubs | D29: H1c
A30: Auvergne-Rhône-Alpes | B30: 26 | C30: Drôme | D30: H2d
A31: Île-de-France | B31: 91 | C31: Essonne | D31: H1a
A32: Normandy | B32: 27 | C32: Eure | D32: H1a
A33: Centre-Val de Loire | B33: 28 | C33: Eure-et-Loir | D33: H1a
A34: Bretagne | B34: 29 | C34: Finistère | D34: H2a
A35: Occitanie | B35: 30 | C35: Gard | D35: H3
... A98: Île-de-France | B98: 78 | C98: Yvelines | D98: H1a
A99: - | B99: - | C99: - | D99: -

Sheet Enumération
C2: Usage | F2: Typologie précise | L2: Zone climatique | M2: Plage ic construction | N2: Plage ic energie | O2: depotPC | P2: depotPC_année | Q2: Catégorie 3
F3: =C7 -> Enseignement_primaire_ou_secondaire | G3: =C10 -> Hôtels | H3: =C12 -> Restaurants | I3: =C16 -> Etablissements_de_santé | J3: =C18 -> Industries_ou_artisanats | K3: =C20 -> Restaurants_scolaires | O3: 2022 à 2024 | P3: 2023 | Q3: Bureaux
B4: 1 | C4: Maisons_individuelles_ou_accolées | D4: 1 | E4: Maisons_individuelles_ou_accolées | F4: Enseignement primaire | G4: 0, 1 et 2 étoiles (partie nuit) | H4: en continu, 18 heures par jour, 7 jours sur 7 | I4: partie nuit | J4: 3x8h | K4: 1 repas par jour, 5 jours sur 7 | L4: <400m | M4: 2022 à 2024 | N4: 2022 à 2024 | O4: 2025 à 2027 | P4: 2026 | Q4: Hôtels
B5: 2 | C5: Logement_collectif | D5: 2 | E5: Logement_collectif | F5: Enseignement secondaire | G5: 3, 4 et 5 étoiles (partie nuit) | H5: 1 repas par jour, 5 jours sur 7 | I5: partie jour | J5: 8h à 18h | K5: 3 repas par jour, 5 jours sur 7 | L5: 400m-800m | M5: 2025 à 2027 | N5: 2025 à 2027 | O5: 2028 à 2030 | P5: 2029 | Q5: Restaurants
B6: 3 | C6: Bureaux | D6: 3 | E6: Bureaux | G6: 0, 1 et 2 étoiles (partie jour) | H6: 2 repas par jour, 7 jours sur 7 | L6: >800m | M6: 2028 à 2030 | N6: à partir de 2028 | O6: à partir de 2031 | P6: 2032 | Q6: Commerces
B7: 4 | C7: Enseignement_primaire_ou_secondaire | D7: 4 | E7: Enseignement_primaire_ou_secondaire - Enseignement primaire | G7: 3, 4 et 5 étoiles (partie jour) | H7: 2 repas par jour, 6 jours sur 7 | M7: à partir de 2031 | Q7: Etablissements_d'accueil_de_la_petite_enfance
B8: 5 | C8: Médiathèques_et_bibliothèques | D8: 5 | E8: Enseignement_primaire_ou_secondaire - Enseignement secondaire | Q8: Bâtiments_universitaires_d'enseignement_et_de_recherche_et_bâtiments_d’enseignements_atypiques
B9: 6 | C9: Bâtiments_universitaires_d'enseignement_et_de_recherche_et_bâtiments_d’enseignements_atypiques | D9: 6 | E9: Médiathèques_et_bibliothèques | O9: =depotpc -> 2025 à 2027 | P9: =VLOOKUP(O9,O3:P6,2,FALSE) -> 2026 | Q9: Médiathèques_et_bibliothèques
B10: 7 | C10: Hôtels | D10: 7 | E10: Bâtiments_universitaires_d'enseignement_et_de_recherche_et_bâtiments_d’enseignements_atypiques | G10: ID_usage = | H10: =VLOOKUP(usage,C4:D21,2,FALSE) -> 2 | Q10: Etablissements_de_santé - partie jour
B11: 8 | C11: Etablissements_d'accueil_de_la_petite_enfance | D11: 8 | E11: Hôtels - 0, 1 et 2 étoiles (partie nuit) | Q11: Aérogares
B12: 9 | C12: Restaurants | D12: 9 | E12: Hôtels - 3, 4 et 5 étoiles (partie nuit)
B13: 10 | C13: Commerces | D13: 10 | E13: Hôtels - 0, 1 et 2 étoiles (partie jour)
B14: 11 | C14: Vestiaires seuls | D14: 11 | E14: Hôtels - 3, 4 et 5 étoiles (partie jour)
B15: 12 | C15: Etablissements_sanitaires_avec_hébergement | D15: 12 | E15: Etablissements_d'accueil_de_la_petite_enfance
B16: 13 | C16: Etablissements_de_santé | D16: 13 | E16: Restaurants - en continu, 18 heures par jour, 7 jours sur 7
B17: 14 | C17: Aérogares | D17: 14 | E17: Restaurants - 1 repas par jour, 5 jours sur 7
B18: 15 | C18: Industries_ou_artisanats | D18: 15 | E18: Restaurants - 2 repas par jour, 7 jours sur 7
B19: 16 | C19: Etablissements_sportifs_municipaux_ou_scolaires | D19: 16 | E19: Restaurants - 2 repas par jour, 6 jours sur 7
B20: 17 | C20: Restaurants_scolaires | D20: 17 | E20: Commerces
B21: 18 | C21: Etablissements_sportifs_privés | D21: 18 | E21: Vestiaires seuls
D22: 19 | E22: Etablissements_sanitaires_avec_hébergement
D23: 20 | E23: Etablissements_de_santé - partie nuit
D24: 21 | E24: Etablissements_de_santé - partie jour
D25: 22 | E25: Aérogares
D26: 23 | E26: Industries_ou_artisanats - 3x8h
D27: 24 | E27: Industries_ou_artisanats - 8h à 18h
D28: 25 | E28: Etablissements_sportifs_municipaux_ou_scolaires
D29: 26 | E29: Restaurants_scolaires - 1 repas par jour, 5 jours sur 7
D30: 27 | E30: Restaurants_scolaires - 3 repas par jour, 5 jours sur 7
D31: 28 | E31: Etablissements_sportifs_privés
C32: 1 | D32: 2 | E32: 3 | F32: 4 | G32: 5 | H32: 6 | I32: 7 | J32: 8 | K32: 9 | L32: 10 | M32: 11 | N32: 12 | O32: 13 | P32: 14 | Q32: 15 | R32: 16 | S32: 17 | T32: 18
C33: =VLOOKUP(C32,$B$4:$C$21,2,FALSE) -> Maisons_individuelles_ou_accolées | D33: =VLOOKUP(D32,$B$4:$C$21,2,FALSE) -> Logement_collectif | E33: =VLOOKUP(E32,$B$4:$C$21,2,FALSE) -> Bureaux | F33: =VLOOKUP(F32,$B$4:$C$21,2,FALSE) -> Enseignement_primaire_ou_secondaire | G33: =VLOOKUP(G32,$B$4:$C$21,2,FALSE) -> Médiathèques_et_bibliothèques | H33: =VLOOKUP(H32,$B$4:$C$21,2,FALSE) -> Bâtiments_universitaires_d'enseignement_et_de_recherche_et_bâtiments_d’enseignements_atypiques | I33: =VLOOKUP(I32,$B$4:$C$21,2,FALSE) -> Hôtels | J33: =VLOOKUP(J32,$B$4:$C$21,2,FALSE) -> Etablissements_d'accueil_de_la_petite_enfance | ... T33: =VLOOKUP(T32,$B$4:$C$21,2,FALSE) -> Etablissements_sportifs_privés
C34: 1 | D34: =C34 -> 1 | E34: =D34+1 -> 2 | F34: =E34 -> 2 | G34: =F34+1 -> 3 | H34: =G34 -> 3 | I34: =H34+1 -> 4 | J34: =I34 -> 4 | K34: =J34+1 -> 5 | L34: =K34 -> 5 | M34: =L34+1 -> 6 | N34: =M34 -> 6 | O34: =N34+1 -> 7 | P34: =O34 -> 7 | Q34: =P34+1 -> 8 | R34: =Q34 -> 8 | S34: =R34+1 -> 9 | T34: =S34 -> 9 | U34: =T34+1 -> 10 | V34: =U34 -> 10 | W34: =V34+1 -> 11 | X34: =W34 -> 11 | Y34: =X34+1 -> 12 | Z34: =Y34 -> 12 | AA34: =Z34+1 -> 13 | AB34: =AA34 -> 13 | AC34: =AB34+1 -> 14 | AD34: =AC34 -> 14 | AE34: =AD34+1 -> 15 | AF34: =AE34 -> 15 | AG34: =AF34+1 -> 16 | AH34: =AG34 -> 16 | AI34: =AH34+1 -> 17 | AJ34: =AI34 -> 17 | AK34: =AJ34+1 -> 18 | AL34: =AK34 -> 18
C35: =VLOOKUP(C34,$B$4:$C$21,2,FALSE) -> Maisons_individuelles_ou_accolées | D35: =VLOOKUP(D34,$B$4:$C$21,2,FALSE) -> Maisons_individuelles_ou_accolées | E35: =VLOOKUP(E34,$B$4:$C$21,2,FALSE) -> Logement_collectif | F35: =VLOOKUP(F34,$B$4:$C$21,2,FALSE) -> Logement_collectif | G35: =VLOOKUP(G34,$B$4:$C$21,2,FALSE) -> Bureaux | H35: =VLOOKUP(H34,$B$4:$C$21,2,FALSE) -> Bureaux | I35: =VLOOKUP(I34,$B$4:$C$21,2,FALSE) -> Enseignement_primaire_ou_secondaire | J35: =VLOOKUP(J34,$B$4:$C$21,2,FALSE) -> Enseignement_primaire_ou_secondaire | ... AL35: =VLOOKUP(AL34,$B$4:$C$21,2,FALSE) -> Etablissements_sportifs_privés
C36: 1 | D36: =C36 -> 1 | E36: =D36 -> 1 | F36: =E36+1 -> 2 | G36: =F36 -> 2 | H36: =G36 -> 2 | I36: =H36+1 -> 3 | J36: =I36 -> 3 | K36: =J36 -> 3 | L36: =K36+1 -> 4 | M36: =L36 -> 4 | N36: =M36 -> 4 | O36: =N36+1 -> 5 | P36: =O36 -> 5 | Q36: =P36 -> 5 | R36: =Q36+1 -> 6 | S36: =R36 -> 6 | T36: =S36 -> 6 | U36: =T36+1 -> 7 | V36: =U36 -> 7 | W36: =V36 -> 7 | X36: =W36+1 -> 8 | Y36: =X36 -> 8 | Z36: =Y36 -> 8 | AA36: =Z36+1 -> 9 | AB36: =AA36 -> 9 | AC36: =AB36 -> 9 | AD36: =AC36+1 -> 10 | AE36: =AD36 -> 10 | AF36: =AE36 -> 10 | AG36: =AF36+1 -> 11 | AH36: =AG36 -> 11 | AI36: =AH36 -> 11 | AJ36: =AI36+1 -> 12 | AK36: =AJ36 -> 12 | AL36: =AK36 -> 12 | AM36: =AL36+1 -> 13 | AN36: =AM36 -> 13 | AO36: =AN36 -> 13 | AP36: =AO36+1 -> 14 | AQ36: =AP36 -> 14 | AR36: =AQ36 -> 14 | AS36: =AR36+1 -> 15 | AT36: =AS36 -> 15 | AU36: =AT36 -> 15 | AV36: =AU36+1 -> 16 | AW36: =AV36 -> 16 | AX36: =AW36 -> 16 | AY36: =AX36+1 -> 17 | AZ36: =AY36 -> 17 | BA36: =AZ36 -> 17 | BB36: =BA36+1 -> 18 | BC36: =BB36 -> 18 | BD36: =BC36 -> 18
C37: =VLOOKUP(C36,$B$4:$C$21,2,FALSE) -> Maisons_individuelles_ou_accolées | D37: =VLOOKUP(D36,$B$4:$C$21,2,FALSE) -> Maisons_individuelles_ou_accolées | E37: =VLOOKUP(E36,$B$4:$C$21,2,FALSE) -> Maisons_individuelles_ou_accolées | F37: =VLOOKUP(F36,$B$4:$C$21,2,FALSE) -> Logement_collectif | G37: =VLOOKUP(G36,$B$4:$C$21,2,FALSE) -> Logement_collectif | H37: =VLOOKUP(H36,$B$4:$C$21,2,FALSE) -> Logement_collectif | I37: =VLOOKUP(I36,$B$4:$C$21,2,FALSE) -> Bureaux | J37: =VLOOKUP(J36,$B$4:$C$21,2,FALSE) -> Bureaux | ... BD37: =VLOOKUP(BD36,$B$4:$C$21,2,FALSE) -> Etablissements_sportifs_privés
C38: 1 | D38: =C38 -> 1 | E38: =D38 -> 1 | F38: =E38+1 -> 2 | G38: =F38 -> 2 | H38: =G38 -> 2 | I38: =H38+1 -> 3 | J38: =I38 -> 3 | K38: =J38 -> 3 | L38: =K38+1 -> 4 | M38: =L38 -> 4 | N38: =M38 -> 4 | O38: =N38+1 -> 5 | P38: =O38 -> 5 | Q38: =P38 -> 5 | R38: =Q38+1 -> 6 | S38: =R38 -> 6 | T38: =S38 -> 6 | U38: =T38+1 -> 7 | V38: =U38 -> 7 | W38: =V38 -> 7 | X38: =W38+1 -> 8 | Y38: =X38 -> 8 | Z38: =Y38 -> 8 | AA38: =Z38+1 -> 9 | AB38: =AA38 -> 9 | AC38: =AB38 -> 9 | AD38: =AC38+1 -> 10 | AE38: =AD38 -> 10 | AF38: =AE38 -> 10 | AG38: =AF38+1 -> 11 | AH38: =AG38 -> 11 | AI38: =AH38 -> 11 | AJ38: =AI38+1 -> 12 | AK38: =AJ38 -> 12 | AL38: =AK38 -> 12 | AM38: =AL38+1 -> 13 | AN38: =AM38 -> 13 | AO38: =AN38 -> 13 | AP38: =AO38+1 -> 14 | AQ38: =AP38 -> 14 | AR38: =AQ38 -> 14 | AS38: =AR38+1 -> 15 | AT38: =AS38 -> 15 | AU38: =AT38 -> 15 | AV38: =AU38+1 -> 16 | AW38: =AV38 -> 16 | AX38: =AW38 -> 16 | AY38: =AX38+1 -> 17 | AZ38: =AY38 -> 17 | BA38: =AZ38 -> 17 | BB38: =BA38+1 -> 18 | BC38: =BB38 -> 18 | BD38: =BC38 -> 18
C39: =VLOOKUP(C38,$B$4:$C$21,2,FALSE) -> Maisons_individuelles_ou_accolées | F39: =VLOOKUP(F38,$B$4:$C$21,2,FALSE) -> Logement_collectif | I39: =VLOOKUP(I38,$B$4:$C$21,2,FALSE) -> Bureaux | L39: =VLOOKUP(L38,$B$4:$C$21,2,FALSE) -> Enseignement_primaire_ou_secondaire | O39: =VLOOKUP(O38,$B$4:$C$21,2,FALSE) -> Médiathèques_et_bibliothèques | R39: =VLOOKUP(R38,$B$4:$C$21,2,FALSE) -> Bâtiments_universitaires_d'enseignement_et_de_recherche_et_bâtiments_d’enseignements_atypiques | U39: =VLOOKUP(U38,$B$4:$C$21,2,FALSE) -> Hôtels | X39: =VLOOKUP(X38,$B$4:$C$21,2,FALSE) -> Etablissements_d'accueil_de_la_petite_enfance | AA39: =VLOOKUP(AA38,$B$4:$C$21,2,FALSE) -> Restaurants | AD39: =VLOOKUP(AD38,$B$4:$C$21,2,FALSE) -> Commerces | AG39: =VLOOKUP(AG38,$B$4:$C$21,2,FALSE) -> Vestiaires seuls | AJ39: =VLOOKUP(AJ38,$B$4:$C$21,2,FALSE) -> Etablissements_sanitaires_avec_hébergement | AM39: =VLOOKUP(AM38,$B$4:$C$21,2,FALSE) -> Etablissements_de_santé | AP39: =VLOOKUP(AP38,$B$4:$C$21,2,FALSE) -> Aérogares | AS39: =VLOOKUP(AS38,$B$4:$C$21,2,FALSE) -> Industries_ou_artisanats | AV39: =VLOOKUP(AV38,$B$4:$C$21,2,FALSE) -> Etablissements_sportifs_municipaux_ou_scolaires | AY39: =VLOOKUP(AY38,$B$4:$C$21,2,FALSE) -> Restaurants_scolaires | BB39: =VLOOKUP(BB38,$B$4:$C$21,2,FALSE) -> Etablissements_sportifs_privés
